,date,temp_max,temp_min,latitude,longitude,country,region,city,notes,max_mean,max_std,max_extreme,delta_temp_std,event_label,duration
0,2022-09-01,34.90664000000004,18.795860000000005,50,60,Kazakhstan,,Aktobe,,19.87000453333336,5.656088369941491,34.01022545818709,0.158486657771619,1,3
1,2023-03-27,18.999900000000025,0.0057000000000471,50,60,Kazakhstan,,Aktobe,,1.1378166129032483,6.954126689733252,18.523133337236377,0.0685588117725154,2,2
2,2021-02-23,17.184600000000046,-0.0425500000000056,50,10,Germay,,Frankfurt,,7.029312647058847,4.03963431574242,17.128398436414898,0.0139125374210559,3,2
3,2022-07-19,33.5018,15.92837000000003,50,10,Germay,,Frankfurt,,23.75303994252876,3.701780417778759,33.00749098697566,0.133532775377571,4,2
4,2022-12-31,15.68127000000004,11.563199999999997,50,10,Germay,,Frankfurt,,4.717687870967766,3.4479132174891443,13.337470914690629,0.6797732244015771,5,2
5,2020-07-15,34.22500000000002,20.0523,60,60,Russia,,,,22.697076379310367,4.546694591418054,34.0638128578555,0.0354514997441796,6,2
6,2023-04-25,19.04815000000002,2.6697599999999966,60,60,Russia,,,,6.362819833333356,4.050452904907443,16.488952095601967,0.6318300606081321,7,2
7,2020-05-29,14.322900000000004,3.0181200000000104,60,-160,United States of America,Alaska,,,4.696105537634431,3.7450087849257168,14.058627499948724,0.0705665901546135,8,3
8,2021-08-03,20.92587000000003,8.456320000000005,60,-160,United States of America,Alaska,,,11.617520645161314,3.040728995662376,19.219343134317256,0.561222939669122,9,2
9,2023-08-02,19.763850000000048,10.650300000000016,60,-160,United States of America,Alaska,,,11.617520645161314,3.040728995662376,19.219343134317256,0.1790711590738716,10,2
10,2024-07-22,22.19058000000001,12.828420000000053,60,-160,United States of America,Alaska,,,12.953642701149446,3.5176597237963008,21.747792010640197,0.1258757310618869,11,3
11,2020-05-21,18.308250000000044,5.981960000000015,70,100,Russia,,,,-0.6423359139784725,6.182994373460027,14.815150019671597,0.5649527994594785,12,5
12,2023-05-30,10.883200000000045,1.5553800000000138,70,70,Russia,,,,-0.0489596774193324,3.8134177779123903,9.484584767361644,0.3667616070652651,13,2
13,2023-08-05,25.189450000000026,13.816280000000006,70,70,Russia,,,,14.864016322580664,4.109241028750475,25.13711889445685,0.0127349807852686,14,3
14,2020-02-06,13.87190000000004,9.347680000000024,40,50,Azerbijan,,,,8.081677823529434,2.2933389568491074,13.815025215652202,0.024799990502049,15,2
15,2023-12-02,16.263180000000034,14.08743000000004,40,50,Azerbijan,,,,10.952823741935507,2.0207970951489744,16.004816479807946,0.1278522820585512,16,2
16,2022-03-26,23.670650000000023,3.6719000000000506,40,-110,United States of America,Utah,Ouray,,10.096271720430126,5.143105844152114,22.95403633081041,0.139334808752658,17,3
17,2025-03-27,23.864980000000003,5.162440000000004,40,-110,United States of America,Utah,Ouray,,10.096271720430126,5.143105844152114,22.95403633081041,0.1771193704336001,18,2
18,2021-01-20,-11.278300000000002,-26.759529999999984,80,-60,Greenland,,,northern Greenland,-27.520904354838684,6.096787317680615,-12.278936060637148,0.1641251381256672,19,2
19,2021-07-28,6.985860000000002,3.3586400000000367,80,-60,Greenland,,,northern Greenland,1.3536990229885284,1.8188814846139076,5.900902734523298,0.596496954119585,20,2
20,2020-04-28,18.09915000000001,3.5588600000000383,60,90,Russia,,,,3.409309500000022,5.5399222252815985,17.25911506320402,0.1516329837560649,21,2
21,2023-10-10,15.50260000000003,10.459680000000048,60,90,Russia,,,,3.0285656129032508,4.627691313624561,14.597793896964651,0.195519977828146,22,2
22,2021-10-01,31.32137,12.36596000000003,40,80,China,,,,19.81937670967744,3.401419512522714,28.322925490984225,0.881527402890664,23,2
23,2023-12-04,8.819970000000012,-6.284949999999981,40,80,China,,,,-0.7917869032257837,3.3670336302422883,7.625797172379936,0.3546661419993435,24,4
24,2024-06-16,30.01382000000001,15.211900000000014,30,80,India,,,northern,23.647801000000022,2.399526334969084,29.646616837422737,0.1530315201070729,25,2
25,2023-10-11,15.39602000000002,8.17935,60,100,Russia,,,,1.9834862580645387,4.072301818202805,12.164240803571548,0.7936001162739764,26,2
26,2022-05-19,35.25540000000001,18.827420000000014,40,-100,United States of America,Nebraska / Kansas,,,23.537179516129054,4.472162942746726,34.717586872995874,0.1202579454034426,27,2
27,2021-06-13,17.91873000000004,6.71768000000003,70,60,Russia,,,,4.860588166666688,3.1077672134877785,12.630006200386134,1.701776045728498,28,2
28,2023-07-30,20.237570000000005,10.093230000000004,70,60,Russia,,,,10.822475114942552,3.586318435348417,19.788271203313595,0.1252813448627184,29,2
29,2023-08-04,20.86190000000005,14.752280000000042,70,60,Russia,,,,11.994518258064542,3.440197449931773,20.595011882893974,0.0775793020576092,30,3
30,2023-06-22,4.422300000000007,0.401360000000011,80,20,Norway,Svalbar,,,-0.3309078888888668,1.594829189216012,3.656165084151163,0.4803868157350828,31,2
31,2023-07-06,8.037000000000035,0.8570799999999963,80,20,Norway,Svalbar,,,1.988564310344851,1.659667510997462,6.137733087838507,1.144365904361209,32,2
32,2020-05-23,12.684300000000007,6.565700000000049,70,90,Russia,,,,-1.560689784946213,4.886563419424235,10.655718763614374,0.415134535719308,33,2
33,2020-06-28,24.755899999999997,17.189570000000003,70,90,Russia,,,,7.61060766666669,6.310971089435404,23.3880353902552,0.2167439194951483,34,2
34,2022-06-22,24.06075000000004,16.326750000000004,70,90,Russia,,,,7.61060766666669,6.310971089435404,23.3880353902552,0.1065944686184615,35,3
35,2023-10-09,34.19583,23.535360000000026,20,80,Inda,,Nagpur,,31.08440180645163,1.2341486300756062,34.16977338164065,0.0211130310599234,36,3
36,2025-03-20,19.17578000000003,1.017629999999997,50,80,Kazakhstan,,Semey,,2.8276240860215283,6.460525003507399,18.978936594790028,0.0304686391745466,37,2
37,2020-05-29,15.449850000000026,4.2934999999999945,70,-160,United States of America,Alaska,Wainwright,,0.0999191935484094,5.298382679571944,13.345875892478269,0.3970974228859849,38,3
38,2022-12-02,2.109700000000032,-3.889749999999992,70,-160,United States of America,Alaska,Wainwright,,-18.728107354838688,8.076604792115528,1.463404625450135,0.0800206759133266,39,4
39,2023-05-21,14.538170000000036,-2.894929999999988,70,-160,United States of America,Alaska,Wainwright,,0.0999191935484094,5.298382679571944,13.345875892478269,0.225029821292201,40,2
40,2020-08-03,33.344700000000046,19.71950000000004,60,70,Russia,,,,20.469376645161315,4.984132756393266,32.92970853614448,0.0832625221154562,41,2
41,2021-08-04,39.97946000000002,23.294399999999996,30,30,Egypt,,Cairo,,35.67121548387099,1.604545522573492,39.68257929030472,0.185024797064738,42,2
42,2022-10-01,37.57076000000001,22.17288000000002,30,30,Egypt,,Cairo,,28.90390606451615,2.3110925630162917,34.68163747205688,1.2501111267358456,43,2
43,2024-01-20,24.70968000000005,8.01302000000004,30,30,Egypt,,Cairo,,18.088574892473144,2.598645290700158,24.585188119223535,0.047906453882735,44,2
44,2024-06-14,42.71923000000004,21.536130000000018,30,30,Egypt,,Cairo,,34.102436500000024,2.7866784670848737,41.06913266771221,0.5921376835462414,45,2
45,2023-08-26,31.70120000000003,14.280570000000012,-30,120,Australia,Western Australia,Perth,,19.498109290322603,4.474154869837984,30.683496464917564,0.2274627420573211,46,2
46,2024-04-15,21.334040000000016,5.106400000000008,50,140,Russia,,,,5.360695611111132,4.490130129133095,16.58602093394387,1.0574346242773236,47,3
47,2024-10-04,17.56826000000001,3.119169999999997,50,140,Russia,,,,7.160548193548412,4.154568345363692,17.546969056957643,0.0051247064129119,48,2
48,2022-09-03,0.9202999999999976,-10.936440000000005,80,-30,Greenland,,,,-13.445318199999978,5.321003465399111,-0.1428095365021988,0.1997949340599528,49,2
49,2025-02-27,-14.126679999999965,-17.773569999999978,80,-30,Greenland,,,,-28.208043999999983,5.428532696552334,-14.636712258619148,0.0939539811454217,50,2
50,2024-05-30,25.34103000000005,9.354300000000023,60,130,Russia,,,,12.145867419354865,5.222435502391148,25.201956175332732,0.026630070319421,51,2
51,2021-01-08,28.763329999999996,15.211479999999996,30,10,Libya / Tunisia,,Tripoli,,17.297863333333357,3.857553169698434,26.94174625757945,0.4722122190639695,52,3
52,2022-12-09,30.728970000000004,13.581700000000012,30,10,Libya / Tunisia,,Tripoli,,18.84032864516131,4.074200575204919,29.02583008317361,0.41803045416848,53,2
53,2022-12-15,29.729730000000018,12.539450000000045,30,10,Libya / Tunisia,,Tripoli,,18.84032864516131,4.074200575204919,29.02583008317361,0.1727700695715023,54,2
54,2020-05-24,21.067470000000014,9.98965000000004,70,120,Russia,,,,3.176427849462388,6.603887263185564,19.6861460074263,0.2091683182228336,55,2
55,2020-12-01,-7.742129999999975,-11.260629999999992,70,120,Russia,,,,-28.787875741935466,7.555179119515108,-9.899927943147691,0.2856051337782451,56,3
56,2024-05-29,22.95210000000003,10.72643000000005,70,120,Russia,,,,3.176427849462388,6.603887263185564,19.6861460074263,0.4945502341901442,57,2
57,2024-03-30,23.236350000000016,5.53597000000002,50,20,Polad,,Warsaw,,9.676853225806472,4.92232559137862,21.982667204253023,0.2546931876962385,58,2
58,2021-01-22,-6.459699999999998,-17.943869999999976,70,-80,Canada,Nunavut,,,-28.922127204301052,8.709507078520124,-7.148359508000741,0.0790698603023303,59,2
59,2022-07-16,23.724080000000015,6.546170000000018,70,-80,Canada,Nunavut,,,13.17537494252876,3.884430371711216,22.8864508718068,0.2156375705157025,60,2
60,2021-05-30,9.869349999999995,0.7813000000000443,60,-70,Canada,Quebec,,,0.6298676881720642,3.1578707831648183,8.52454464608411,0.4258582590159442,61,2
61,2023-07-04,30.49774000000002,6.038100000000043,60,-70,Canada,Quebec,,,15.308903563218417,4.749271657172003,27.18208270614842,0.6981401640490573,62,2
62,2021-10-01,24.43502000000001,10.233180000000004,40,110,China,,,,13.882366258064538,3.98268665540753,23.839082896583363,0.1496319331593676,63,2
63,2020-03-14,-7.594149999999956,-27.430459999999982,70,-110,Canada,Nunavut,,,-22.746836075268796,5.647078611624145,-8.629139546208433,0.1832787565730036,64,2
64,2020-03-21,-6.1381999999999834,-14.68322999999998,70,-110,Canada,Nunavut,,,-22.746836075268796,5.647078611624145,-8.629139546208433,0.4411023322893031,65,2
65,2022-09-04,14.815400000000013,5.48947000000004,70,-110,Canada,Nunavut,,,3.989143066666691,4.055374202103075,14.12757857192438,0.1696073885657545,66,2
66,2024-03-26,-7.355319999999949,-12.8322,70,-110,Canada,Nunavut,,,-22.746836075268796,5.647078611624145,-8.629139546208433,0.2255714208735131,67,2
67,2024-08-08,28.030730000000005,13.93643000000003,70,-110,Canada,Nunavut,,,13.2035288387097,5.512899401709719,26.985777342983994,0.1895468393078132,68,3
68,2025-02-04,-12.363169999999968,-22.128559999999965,70,-110,Canada,Nunavut,,,-29.681820529411745,6.414549292505389,-13.645447298148271,0.1999013866253216,69,2
69,2025-05-29,14.243980000000022,-0.0998299999999972,70,-110,Canada,Nunavut,,,-1.1804480107526654,4.6528697873986715,10.451726457744014,0.815035390099791,70,2
70,2021-03-20,-1.8360999999999876,-7.365759999999966,60,-100,Canada,Nunavut / Manitoba,,,-16.24990693548385,5.729555324929017,-1.9260186231613063,0.0156938223059103,71,2
71,2024-02-02,-0.9872199999999792,-7.166239999999959,60,-100,Canada,Nunavut / Manitoba,,,-23.796350176470572,6.692477678713869,-7.065155979685898,0.908174262428612,72,3
72,2020-01-06,22.20132000000001,10.065359999999998,30,120,China,,Nanjing,,10.028109516129051,4.741153993087324,21.880994498847365,0.0675627709244805,73,2
73,2021-10-03,32.54708000000005,18.854700000000037,30,120,China,,Nanjing,,21.76197561290325,4.146109143903614,32.12724847266229,0.1012591595556711,74,2
74,2022-10-01,33.75955000000005,23.067769999999996,30,120,China,,Nanjing,,21.76197561290325,4.146109143903614,32.12724847266229,0.3936947800175194,75,3
75,2021-06-30,36.78164000000004,20.27877000000001,60,-110,Canada,Alberta / Saskatchewan / NW Terr,,,19.85435561111113,4.913080657069397,32.137057253784626,0.9453503963002023,76,3
76,2020-01-11,20.500670000000017,10.899380000000008,40,-80,United States of America,Pennsylvania,,,3.5870653763441105,5.520199640856627,17.38756447848568,0.5639479953720017,77,2
77,2020-08-10,31.61447000000004,19.08724000000001,52,0,United Kingdom,,London,,21.622122451612928,3.615452264960529,30.66075311401425,0.2637890963818888,78,3
78,2021-03-30,19.67318,2.970420000000047,52,0,United Kingdom,,London,,10.535198225806475,2.972490736984012,17.966425068266506,0.5741834315908492,79,2
79,2022-07-18,33.950649999999996,17.885370000000023,52,0,United Kingdom,,London,,21.537536264367837,3.386828872415635,30.004608445406923,1.1651139467754044,80,2
80,2022-08-12,30.75424000000004,16.95565000000005,52,0,United Kingdom,,London,,21.622122451612928,3.615452264960529,30.66075311401425,0.0258575910106257,81,3
81,2023-09-08,28.384900000000016,17.16744,52,0,United Kingdom,,London,,19.29063573333336,3.610760473352944,28.31753691671572,0.0186562038056603,82,3
82,2023-10-07,22.58984000000004,14.162000000000036,52,0,United Kingdom,,London,,15.05914141935486,2.4367547607010587,21.151028321107507,0.5904622418706533,83,3
83,2025-04-30,22.93066000000005,7.262800000000027,52,0,United Kingdom,,London,,13.133625777777802,3.278810092973068,21.33065101021047,0.487984648216929,84,2
84,2020-05-23,15.638700000000028,5.4898600000000215,70,110,Russia,,,,-1.841662903225783,5.968729905872289,13.080161861454938,0.4286570474612852,85,3
85,2020-12-01,-5.668039999999962,-10.396829999999966,70,110,Russia,,,,-26.043240193548364,6.142478103477083,-10.687044934855658,0.8170977332445971,86,3
86,2020-11-10,12.948080000000004,6.7295500000000175,50,-70,Canada,Quebec,,,0.0846221333333566,4.747639834323841,11.953721719142958,0.2094426526772671,87,2
87,2022-11-06,15.669460000000017,7.758140000000026,50,-70,Canada,Quebec,,,0.0846221333333566,4.747639834323841,11.953721719142958,0.7826495712656043,88,2
88,2023-10-04,21.661770000000047,8.794600000000003,50,-70,Canada,Quebec,,,9.026888774193573,4.935339814552483,21.36523831057478,0.0600833378384409,89,2
89,2020-04-08,24.821439999999996,8.828700000000026,-50,-70,Argentia,,,,12.732010944444466,3.909598382142473,22.50600689980065,0.5922432111634139,90,2
90,2023-02-27,-16.83386999999999,-37.70823999999999,80,-40,Greenland,,,,-33.62081658823527,6.026414672776095,-18.554779906295032,0.2855611503252723,91,2
91,2023-11-26,-14.74158,-18.168679999999966,80,-40,Greenland,,,,-28.68980433333331,5.112399653092744,-15.90880520060145,0.2283125889611028,92,2
92,2020-07-25,6.296660000000031,0.4247700000000236,80,-100,Canada,,,,1.7341345977011715,1.1964271044545678,4.725202358837591,1.313458743379809,93,2
93,2022-07-14,5.476700000000051,-0.6482999999999493,80,-100,Canada,,,,1.7341345977011715,1.1964271044545678,4.725202358837591,0.6281182015723854,94,3
94,2023-12-02,-9.651899999999957,-15.089879999999994,80,-100,Canada,,,,-22.803445483870945,4.5001416681361315,-11.553091313530617,0.42247365832776,95,4
95,2025-02-05,-10.891399999999976,-22.58526999999998,80,-100,Canada,,,,-24.567760470588215,4.052740040408313,-14.435910369567432,0.8745960348372968,96,3
96,2025-02-28,-9.840499999999963,-28.095819999999975,80,-100,Canada,,,,-24.567760470588215,4.052740040408313,-14.435910369567432,1.1339020819861128,97,3
97,2023-11-11,25.94920000000002,16.066100000000006,40,0,Algeria,,,,18.736550733333356,2.6032576540302825,25.244694868409063,0.2706244349268552,98,2
98,2022-08-10,26.025599999999997,11.611230000000036,60,10,Norway,,Oslo,,18.687101548387123,2.8362323101901237,25.777682323862432,0.0874109202010133,99,2
99,2020-05-16,30.18300000000005,16.79684000000003,40,20,Albania,,Tirane,,20.14569451612905,2.757939075106636,27.04054220389564,1.1394224856047286,100,4
100,2020-10-03,39.35412000000002,25.871820000000017,30,20,Libya,,Tripoli,,29.2592052903226,3.6762243026107098,38.449766046849376,0.24600075477125,101,3
101,2021-01-09,27.23577,8.70028000000002,30,20,Libya,,Tripoli,,18.462570107526904,2.886408489901068,25.678591332279577,0.539486587975562,102,3
102,2021-07-01,41.23245000000003,22.394280000000037,30,20,Libya,,Tripoli,,35.20244988505748,2.353846944255368,41.087067245695906,0.0617638944872493,103,2
103,2022-04-05,42.38217000000003,17.98562000000004,30,20,Libya,,Tripoli,,28.554477500000026,4.971502372197036,40.98323343049262,0.2813911097238774,104,2
104,2022-12-10,25.826750000000004,8.452840000000037,30,20,Libya,,Tripoli,,19.966223290322603,2.322845091628249,25.773336019393227,0.0229950679015514,105,2
105,2022-12-14,25.78463000000005,11.083060000000046,30,20,Libya,,Tripoli,,19.966223290322603,2.322845091628249,25.773336019393227,0.0048621324975682,106,3
106,2023-02-26,29.43084000000005,14.256280000000004,30,20,Libya,,Tripoli,,19.514408823529436,2.9946613688598944,27.001062245679172,0.8113697861090466,107,3
107,2023-07-24,41.351560000000006,24.752220000000023,30,20,Libya,,Tripoli,,35.20244988505748,2.353846944255368,41.087067245695906,0.1123661650769617,108,3
108,2024-01-19,27.668420000000022,10.707970000000046,30,20,Libya,,Tripoli,,18.462570107526904,2.886408489901068,25.678591332279577,0.6893787468691401,109,2
109,2025-03-15,38.16450000000003,21.742760000000033,30,20,Libya,,Tripoli,,23.308933655914004,4.5646782465608124,34.72062927231603,0.7544607837975728,110,2
110,2020-09-05,23.571000000000023,12.198020000000042,60,110,Russia,,,,10.911770066666692,4.6985721785336665,22.658200513000857,0.1942716749504172,111,2
111,2023-10-10,11.769300000000044,3.0085000000000264,60,110,Russia,,,,1.1826105806451854,3.989297141866172,11.155853435310616,0.153773094075028,112,3
112,2021-05-26,9.809500000000014,1.6954600000000255,70,-50,Greenland,,,,-1.3808806989247076,3.998323517469581,8.614928094749244,0.2987681962280978,113,2
113,2025-05-27,27.52330000000001,14.903770000000009,50,120,China,,,,15.787784247311851,4.599156542309332,27.28567560308518,0.0516669512613528,114,2
114,2020-11-09,16.973400000000026,6.9623000000000275,50,-80,Canada,Ontraio,,,0.6063272000000226,5.319098973171184,13.904074632927982,0.5770385891582968,115,2
115,2023-10-02,25.73126000000002,12.71690000000001,50,-80,Canada,Ontraio,,,9.467351419354864,6.27977387085749,25.166786096498587,0.08988761619602,116,3
116,2023-07-13,38.48403000000002,26.366270000000043,20,-90,Mexico,Campeche / Yucatan,Campeche,,34.11131218390807,1.569951988659823,38.03619215555763,0.2852557579322428,117,2
117,2024-02-28,38.10110000000003,21.661460000000034,10,10,Nigeria,,Kano,,32.61742364705885,2.1897862240901564,38.09188920728424,0.0042062520142203,118,2
118,2021-05-01,28.202230000000043,15.37975,-30,140,Australia,,Adelaide,,20.440350215053787,3.0533916290704957,28.073829287730028,0.0420518321487315,119,2
119,2021-07-30,25.934960000000046,9.83325000000002,-30,140,Australia,,Adelaide,,17.257505287356345,2.8324685894266586,24.338676760922993,0.5635660868529415,120,2
120,2023-06-02,26.407070000000033,12.951380000000029,-30,140,Australia,,Adelaide,,17.55294138888891,2.685357299208438,24.266334636910003,0.7971882787147373,121,3
121,2024-08-23,31.565200000000004,18.21640000000002,-30,140,Australia,,Adelaide,,20.916637741935507,4.121443498446753,31.22024648805239,0.0836972560894302,122,3
122,2024-01-23,28.204200000000014,18.393880000000024,-20,-70,Chile,,,,24.935946559139808,1.0574182294764822,27.579492132831017,0.5907859820785234,123,2
123,2021-06-27,32.64868000000001,17.090779999999995,60,-120,Canada,BC/Alberta/NW Terr,,,21.045958333333353,4.25322849364302,31.679029567440903,0.2279798590666768,124,4
124,2022-09-02,14.52075000000002,9.620420000000024,70,-130,Canada,Northwest Territories,Tuktoyaktuk,,6.064168266666689,3.167894438165839,13.983904362081288,0.1694644971281164,125,3
125,2025-01-13,-5.4495299999999816,-10.493349999999964,70,-130,Canada,Northwest Territories,Tuktoyaktuk,,-21.631318172042988,6.2896841011697,-5.90710791911874,0.0727505406883093,126,2
126,2025-02-04,-4.2601399999999785,-12.288239999999972,70,-130,Canada,Northwest Territories,Tuktoyaktuk,,-24.362163352941153,6.498306147773198,-8.116397983508158,0.5934251012211266,127,2
127,2020-02-26,-13.034220000000005,-15.44969999999995,70,140,Russia,,,,-27.00745976470586,5.201386651295564,-14.00399313646695,0.1864451157895352,128,3
128,2025-05-28,17.803060000000016,8.508050000000026,70,140,Russia,,,,0.7102120967742149,6.058647470308455,15.856830772545353,0.3212316341217289,129,3
129,2023-07-29,7.441200000000038,-4.101419999999962,-30,-70,Chile,,Santiago,,-3.862023045976988,4.032055931608034,6.218116783043097,0.3033398439165896,130,5
130,2023-08-13,7.953640000000007,-5.903329999999983,-30,-70,Chile,,Santiago,,-2.709316516129009,4.179837908014471,7.740278253907167,0.0510454593666748,131,2
131,2021-06-21,31.458799999999997,21.96908000000002,60,30,Russia,,St. Petersburg,,20.034163944444465,4.0753146007772,30.222450446387462,0.303375242092169,132,3
132,2023-04-25,17.339140000000043,6.498700000000042,60,30,Russia,,St. Petersburg,,5.474850111111135,3.6702161275912992,14.650390430089384,0.7325861683451431,133,2
133,2024-05-27,25.025300000000016,13.850459999999998,60,30,Russia,,St. Petersburg,,12.723980000000024,4.900409207803841,24.975003019509625,0.0102638327448844,134,2
134,2025-03-30,12.637170000000026,0.797330000000045,60,30,Russia,,St. Petersburg,,1.2049982795699148,3.602557877767263,10.211392973988072,0.67334852299871,135,2
135,2025-04-18,16.691100000000006,7.46517,60,30,Russia,,St. Petersburg,,5.474850111111135,3.6702161275912992,14.650390430089384,0.5560189097773663,136,2
136,2024-05-30,14.05510000000004,8.626520000000028,70,130,Russia,,,,-1.4184732795698696,6.06149565513282,13.73526585826218,0.0527648883930203,137,2
137,2025-05-28,14.313500000000031,6.50848000000002,70,130,Russia,,,,-1.4184732795698696,6.06149565513282,13.73526585826218,0.0953946310673684,138,3
138,2023-08-23,37.57153,25.31570000000005,10,30,South Sudan / Sudan,,,,30.007454387096804,2.6738003802198382,36.6919553376464,0.3289604821887588,139,3
139,2023-08-27,36.79122000000001,25.301540000000045,10,30,South Sudan / Sudan,,,,30.007454387096804,2.6738003802198382,36.6919553376464,0.0371249338910821,140,3
140,2023-09-29,38.553830000000005,25.75800000000004,10,30,South Sudan / Sudan,,,,31.073869600000023,2.4278641925376605,37.143530081344174,0.5808808923458574,141,2
141,2024-02-18,13.21243000000004,7.227800000000002,40,140,Japan,,Tokoyo,,3.3576764705882582,3.631771560335211,12.437105371426286,0.2134838647456648,142,2
142,2021-06-28,27.13214000000005,11.447100000000034,60,-130,Canada,Yukon / BC,Swift River,,15.567522500000026,3.598876530319537,24.56471382579887,0.7133965704495075,143,3
143,2021-08-01,26.80830000000003,11.578030000000012,60,-130,Canada,Yukon / BC,Swift River,,16.360488709677437,4.0019158267978305,26.365278276672015,0.1107024091714852,144,2
144,2023-05-16,19.15206000000001,3.00305000000003,60,-130,Canada,Yukon / BC,Swift River,,9.0794948387097,3.621407593801542,18.13301382321356,0.2813950516176818,145,4
145,2022-11-02,17.205399999999997,4.921660000000031,50,-90,Canada,Ontario,Savant Lake,,0.9282364666666884,5.144531929027302,13.789566289234942,0.6639736632776426,146,2
146,2023-10-02,26.96758,16.168330000000026,50,-90,Canada,Ontario,Savant Lake,,9.491948129032282,6.346045435067006,25.357061716699796,0.2537829739448123,147,2
147,2020-06-26,11.488670000000011,4.95043000000004,70,-70,Canada,Nunavut,,,1.1875413888889124,3.664172312463835,10.347972170048498,0.3113111864503156,148,3
148,2021-02-08,-10.846959999999967,-21.843069999999983,70,-70,Canada,Nunavut,,,-28.98554252941174,5.90703541588189,-14.217953989707016,0.570674416585291,149,2
149,2023-03-06,-8.758099999999956,-13.08677,70,-70,Canada,Nunavut,,,-23.498128172042986,5.542020075447162,-9.64307798342508,0.1596850916051072,150,2
150,2023-12-01,-3.6017799999999625,-7.41519999999997,70,-70,Canada,Nunavut,,,-21.248181612903203,5.79162731066255,-6.7691133362468285,0.5468814145578248,151,3
151,2025-02-13,-12.621739999999988,-19.925899999999984,70,-70,Canada,Nunavut,,,-28.98554252941174,5.90703541588189,-14.217953989707016,0.2702225189670242,152,2
152,2025-06-26,12.234250000000031,1.7536300000000438,70,-70,Canada,Nunavut,,,1.1875413888889124,3.664172312463835,10.347972170048498,0.5147896084295164,153,4
153,2023-01-04,-12.786720000000004,-20.338629999999966,80,-20,Greenland,,,,-26.184092311827932,5.2987490975646505,-12.937219567916303,0.0284028485110702,154,2
154,2023-06-28,7.708830000000035,0.4358500000000163,80,-20,Greenland,,,,-1.399066666666645,2.9041183616513364,5.861229237461696,0.6362002275581352,155,2
155,2023-07-01,8.583280000000002,5.608120000000042,80,-20,Greenland,,,,2.3443261494253114,2.055300325453383,7.482576963058769,0.5355436494169907,156,2
156,2023-08-23,6.55233000000004,2.96768000000003,80,-20,Greenland,,,,-0.2736069677419121,2.7037850803244163,6.485855733069128,0.0245856327171301,157,2
157,2025-02-27,-6.613999999999976,-13.865359999999953,80,-20,Greenland,,,,-24.89574523529409,7.0031535798798314,-7.387861285594511,0.110501829892443,158,2
158,2021-09-01,23.57595000000003,12.212800000000016,60,120,Russia,,,,11.337144600000023,4.812387515474776,23.368113388686965,0.0431878377717389,159,2
159,2023-10-11,12.747580000000028,8.548500000000047,60,120,Russia,,,,1.0953714838709887,4.067958634154792,11.265268069257967,0.3643871691065127,160,2
160,2023-06-02,29.919759999999997,14.388880000000029,-20,20,Namibia,,,,23.180832611111132,2.667592915158066,29.849814899006297,0.0262203054282571,161,2
161,2024-04-24,33.26003000000003,14.66912000000002,-20,20,Namibia,,,,27.73369772222224,2.1331326776360395,33.06652941631234,0.0907119307281562,162,2
162,2023-01-30,4.970900000000029,-10.525919999999983,30,100,China,,,,-4.976927956989224,3.82621599633218,4.588612033841226,0.099912803282738,163,2
163,2020-05-28,11.241360000000045,0.8381600000000162,60,-140,United States of America,Alaska,Yakutat,,4.628860967741958,2.4909411758133304,10.856213907275285,0.1546187025468411,164,2
164,2021-04-19,9.661800000000028,0.0584699999999998,60,-140,United States of America,Alaska,Yakutat,,1.6943438888889135,2.6884556343828936,8.415482974846148,0.4635810274176085,165,2
165,2022-07-04,17.020320000000027,6.3034000000000106,60,-140,United States of America,Alaska,Yakutat,,10.711663103448297,2.399898214348253,16.71140863931893,0.1287185259917323,166,2
166,2023-05-17,10.989340000000029,0.8962600000000407,60,-140,United States of America,Alaska,Yakutat,,4.628860967741958,2.4909411758133304,10.856213907275285,0.0534440933480801,167,3
167,2024-08-05,17.6456,7.218770000000006,60,-140,United States of America,Alaska,Yakutat,,11.009721354838735,2.277872031476007,16.70440143352875,0.4131920289926805,168,2
168,2023-12-06,9.90450000000004,-3.662329999999997,40,100,China,,Jiuquan,,-2.5562204516128797,4.595782879470504,8.933236747063381,0.2113379327111643,169,2
169,2022-12-02,0.8870500000000447,-8.05392999999998,70,-150,United States of America,Alaska,Prudhoe Bay,,-20.031074967741908,7.523998758591573,-1.2210780712629763,0.2801871902033174,170,2
170,2023-08-06,26.24380000000002,13.895039999999996,70,-150,United States of America,Alaska,Prudhoe Bay,,12.075879161290343,5.5190079115254465,25.87339894010396,0.0671137033745766,171,2
171,2024-02-14,-0.185579999999959,-6.156739999999957,70,-150,United States of America,Alaska,Prudhoe Bay,,-25.81760688235292,9.042557804368773,-3.2112123714309924,0.3345991739161729,172,2
172,2024-08-06,27.74624,15.163780000000031,70,-150,United States of America,Alaska,Prudhoe Bay,,12.075879161290343,5.5190079115254465,25.87339894010396,0.3393437896664273,173,2
173,2025-01-19,0.2205400000000281,-5.306919999999991,70,-150,United States of America,Alaska,Prudhoe Bay,,-22.86178209677417,8.490070610702096,-1.6366055700189293,0.2187432419793948,174,2
174,2022-09-01,34.90664000000004,18.795860000000005,50,60,Kazakhstan,,Aktobe,,19.87000453333336,5.656088369941491,34.01022545818709,0.158486657771619,175,3
175,2023-03-27,18.999900000000025,0.0057000000000471,50,60,Kazakhstan,,Aktobe,,1.1378166129032483,6.954126689733252,18.523133337236377,0.0685588117725154,176,2
176,2021-12-21,-5.029549999999972,-16.73679999999996,80,-80,Canada,Nunavut,,,-24.647161612903204,5.768142395362639,-10.226805624496608,0.9010276217652023,177,4
177,2021-06-22,31.505030000000033,21.14608000000004,60,40,Russia,,,,20.11249433333336,4.314742682438173,30.89935103942879,0.1403742946332517,178,3
178,2020-05-23,18.528040000000033,6.8566000000000145,70,80,Russia,,,,0.0317302150537856,4.8058148203467885,12.046267265920758,1.3487354332998518,179,2
179,2022-06-22,26.883020000000045,17.763570000000016,70,80,Russia,,,,10.10948538888891,6.176808786688762,25.551507355610816,0.2155664341202668,180,2
180,2022-05-29,0.2140400000000113,-10.714699999999992,70,-30,Greenland,,,,-11.338458010752667,4.539131045590807,0.0093696032243499,0.0450902154443134,181,2
181,2024-01-08,-9.296239999999957,-12.106419999999956,70,-30,Greenland,,,,-24.94177198924729,5.655951868129124,-10.80189231892448,0.2662067064977629,182,2
182,2023-08-26,35.529930000000036,18.356400000000008,-10,-40,Brazil,,,,28.344898967741955,2.5648622570423196,34.75705461034775,0.301332123208647,183,2
183,2021-06-26,30.919579999999996,13.475850000000037,50,-120,Canada,British Columbia,Vancouver,,17.263978833333354,5.330634819957184,30.59056588322631,0.0617213761373973,184,6
184,2024-03-18,13.136740000000032,-2.684849999999983,50,-120,Canada,British Columbia,Vancouver,,2.329997311827979,3.4502229695204902,10.955554735629203,0.6321867553603262,185,2
185,2020-12-03,23.280050000000017,11.65542000000005,30,70,Pakistan,,"Lahore, Islamabad",,15.969967935483892,2.5605375373668204,22.371311778900942,0.3549013470169992,186,2
186,2023-09-13,34.19875000000002,22.762500000000045,30,70,Pakistan,,"Lahore, Islamabad",,28.793307666666692,1.9338452181545145,33.627920712052976,0.2951783744573877,187,2
187,2020-11-30,40.01263,23.4058,-30,150,Australia,,"Brisbane, Sydney",,27.358458333333353,4.494423692679182,38.59451756503131,0.3155270913328905,188,3
188,2021-12-01,21.004080000000044,9.44840000000005,40,60,Turkmenistan / Uzbekistan,,Ashgabat,,5.2283736129032485,5.993310503976401,20.21164987284425,0.1322191010510863,189,2
189,2024-01-08,-11.63797999999997,-16.326999999999998,70,-40,Greenland,,,,-30.029377795698903,6.743538545759872,-13.17053143129922,0.227262203796977,190,3
190,2023-06-01,36.56515000000002,26.378100000000018,20,100,Thailand / Laos / Myanmar / Vietnam,,,,30.754577500000025,1.8531107448957016,35.38735436223928,0.6355775773276993,191,2
191,2020-12-05,33.36456000000004,16.063440000000014,20,10,Niger,,,,22.38342025806454,3.248828245347664,30.5054908714337,0.8800308642540704,192,2
192,2021-01-04,31.115319999999997,14.658650000000025,20,10,Niger,,,,21.540615913978517,3.5721826164289614,30.471072455050923,0.1803512345606551,193,3
193,2020-02-26,-12.051369999999965,-24.01806999999997,70,150,Russia,,,,-28.42646858823527,6.429347501712219,-12.353099833954722,0.0469300864316951,194,4
194,2023-01-30,-14.999269999999967,-36.63137999999998,70,150,Russia,,,,-30.812562903225786,5.095106021278275,-18.074797850030095,0.6036239162023423,195,2
195,2024-01-27,-17.339559999999977,-31.353169999999977,70,150,Russia,,,,-30.812562903225786,5.095106021278275,-18.074797850030095,0.1443027577757172,196,2
196,2025-02-14,-11.39892999999995,-14.259860000000003,70,150,Russia,,,,-28.42646858823527,6.429347501712219,-12.353099833954722,0.1484085023714559,197,2
197,2022-09-02,33.73586,18.349820000000022,50,70,Kazakhstan,,"Karaganda, Astana",,18.214926066666692,5.957974357013638,33.109861959200785,0.1050689384156717,198,2
198,2022-09-05,33.13552000000004,15.065330000000015,50,70,Kazakhstan,,"Karaganda, Astana",,18.214926066666692,5.957974357013638,33.109861959200785,0.004306504066949,199,2
199,2023-12-05,8.560330000000022,-6.611549999999966,40,90,China,,,,-1.3294696129032026,3.503111010350671,7.428307912973476,0.3231476489559569,200,4
200,2021-04-18,5.509900000000016,3.107970000000023,60,-150,United States of America,Alaska,Anchorage,,-2.874997833333311,3.27783509021708,5.31958989220939,0.0580596956688332,201,2
201,2022-05-28,8.368550000000027,3.05197000000004,60,-150,United States of America,Alaska,Anchorage,,0.7444183333333563,3.046711231250157,8.36119641145875,0.002413615201156,202,2
202,2022-03-28,6.77940000000001,-8.703039999999987,30,90,"Tibet (Bhutan, Bangladash)",,,,-3.7575647849462146,3.676462290846815,5.433590942170822,0.3660608898885787,203,3
203,2020-01-04,34.72660000000002,19.35720000000003,-20,30,Zimbabwe,,Harare,,26.27484413978497,3.12486717350381,34.0870120735445,0.204676836148005,204,3
204,2024-03-05,34.28573,18.25308000000001,-20,30,Zimbabwe,,Harare,,26.12178672043013,3.0379111337068427,33.716564554697236,0.1873542115790176,205,2
205,2021-02-23,17.184600000000046,-0.0425500000000056,50,10,Germay,,Frankfurt,,7.029312647058847,4.03963431574242,17.128398436414898,0.0139125374210559,206,2
206,2022-07-19,33.5018,15.92837000000003,50,10,Germay,,Frankfurt,,23.75303994252876,3.701780417778759,33.00749098697566,0.133532775377571,207,2
207,2022-12-31,15.68127000000004,11.563199999999997,50,10,Germay,,Frankfurt,,4.717687870967766,3.4479132174891443,13.337470914690629,0.6797732244015771,208,2
208,2020-07-15,34.22500000000002,20.0523,60,60,Russia,,,,22.697076379310367,4.546694591418054,34.0638128578555,0.0354514997441796,209,2
209,2023-04-25,19.04815000000002,2.6697599999999966,60,60,Russia,,,,6.362819833333356,4.050452904907443,16.488952095601967,0.6318300606081321,210,2
210,2020-05-29,14.322900000000004,3.0181200000000104,60,-160,United States of America,Alaska,,,4.696105537634431,3.7450087849257168,14.058627499948724,0.0705665901546135,211,3
211,2021-08-03,20.92587000000003,8.456320000000005,60,-160,United States of America,Alaska,,,11.617520645161314,3.040728995662376,19.219343134317256,0.561222939669122,212,2
212,2023-08-02,19.763850000000048,10.650300000000016,60,-160,United States of America,Alaska,,,11.617520645161314,3.040728995662376,19.219343134317256,0.1790711590738716,213,2
213,2024-07-22,22.19058000000001,12.828420000000053,60,-160,United States of America,Alaska,,,12.953642701149446,3.5176597237963008,21.747792010640197,0.1258757310618869,214,3
214,2020-05-21,18.308250000000044,5.981960000000015,70,100,Russia,,,,-0.6423359139784725,6.182994373460027,14.815150019671597,0.5649527994594785,215,5
215,2023-05-30,10.883200000000045,1.5553800000000138,70,70,Russia,,,,-0.0489596774193324,3.8134177779123903,9.484584767361644,0.3667616070652651,216,2
216,2023-08-05,25.189450000000026,13.816280000000006,70,70,Russia,,,,14.864016322580664,4.109241028750475,25.13711889445685,0.0127349807852686,217,3
217,2020-02-06,13.87190000000004,9.347680000000024,40,50,Azerbijan,,,,8.081677823529434,2.2933389568491074,13.815025215652202,0.024799990502049,218,2
218,2023-12-02,16.263180000000034,14.08743000000004,40,50,Azerbijan,,,,10.952823741935507,2.0207970951489744,16.004816479807946,0.1278522820585512,219,2
219,2022-03-26,23.670650000000023,3.6719000000000506,40,-110,United States of America,Utah,Ouray,,10.096271720430126,5.143105844152114,22.95403633081041,0.139334808752658,220,3
220,2025-03-27,23.864980000000003,5.162440000000004,40,-110,United States of America,Utah,Ouray,,10.096271720430126,5.143105844152114,22.95403633081041,0.1771193704336001,221,2
221,2021-01-20,-11.278300000000002,-26.759529999999984,80,-60,Greenland,,,northern Greenland,-27.520904354838684,6.096787317680615,-12.278936060637148,0.1641251381256672,222,2
222,2021-07-28,6.985860000000002,3.3586400000000367,80,-60,Greenland,,,northern Greenland,1.3536990229885284,1.8188814846139076,5.900902734523298,0.596496954119585,223,2
223,2020-04-28,18.09915000000001,3.5588600000000383,60,90,Russia,,,,3.409309500000022,5.5399222252815985,17.25911506320402,0.1516329837560649,224,2
224,2023-10-10,15.50260000000003,10.459680000000048,60,90,Russia,,,,3.0285656129032508,4.627691313624561,14.597793896964651,0.195519977828146,225,2
225,2021-10-01,31.32137,12.36596000000003,40,80,China,,,,19.81937670967744,3.401419512522714,28.322925490984225,0.881527402890664,226,2
226,2023-12-04,8.819970000000012,-6.284949999999981,40,80,China,,,,-0.7917869032257837,3.3670336302422883,7.625797172379936,0.3546661419993435,227,4
227,2024-06-16,30.01382000000001,15.211900000000014,30,80,India,,,northern,23.647801000000022,2.399526334969084,29.646616837422737,0.1530315201070729,228,2
228,2023-10-11,15.39602000000002,8.17935,60,100,Russia,,,,1.9834862580645387,4.072301818202805,12.164240803571548,0.7936001162739764,229,2
229,2022-05-19,35.25540000000001,18.827420000000014,40,-100,United States of America,Nebraska / Kansas,,,23.537179516129054,4.472162942746726,34.717586872995874,0.1202579454034426,230,2
230,2021-06-13,17.91873000000004,6.71768000000003,70,60,Russia,,,,4.860588166666688,3.1077672134877785,12.630006200386134,1.701776045728498,231,2
231,2023-07-30,20.237570000000005,10.093230000000004,70,60,Russia,,,,10.822475114942552,3.586318435348417,19.788271203313595,0.1252813448627184,232,2
232,2023-08-04,20.86190000000005,14.752280000000042,70,60,Russia,,,,11.994518258064542,3.440197449931773,20.595011882893974,0.0775793020576092,233,3
233,2023-06-22,4.422300000000007,0.401360000000011,80,20,Norway,Svalbar,,,-0.3309078888888668,1.594829189216012,3.656165084151163,0.4803868157350828,234,2
234,2023-07-06,8.037000000000035,0.8570799999999963,80,20,Norway,Svalbar,,,1.988564310344851,1.659667510997462,6.137733087838507,1.144365904361209,235,2
235,2020-05-23,12.684300000000007,6.565700000000049,70,90,Russia,,,,-1.560689784946213,4.886563419424235,10.655718763614374,0.415134535719308,236,2
236,2020-06-28,24.755899999999997,17.189570000000003,70,90,Russia,,,,7.61060766666669,6.310971089435404,23.3880353902552,0.2167439194951483,237,2
237,2022-06-22,24.06075000000004,16.326750000000004,70,90,Russia,,,,7.61060766666669,6.310971089435404,23.3880353902552,0.1065944686184615,238,3
238,2023-10-09,34.19583,23.535360000000026,20,80,Inda,,Nagpur,,31.08440180645163,1.2341486300756062,34.16977338164065,0.0211130310599234,239,3
239,2025-03-20,19.17578000000003,1.017629999999997,50,80,Kazakhstan,,Semey,,2.8276240860215283,6.460525003507399,18.978936594790028,0.0304686391745466,240,2
240,2020-05-29,15.449850000000026,4.2934999999999945,70,-160,United States of America,Alaska,Wainwright,,0.0999191935484094,5.298382679571944,13.345875892478269,0.3970974228859849,241,3
241,2022-12-02,2.109700000000032,-3.889749999999992,70,-160,United States of America,Alaska,Wainwright,,-18.728107354838688,8.076604792115528,1.463404625450135,0.0800206759133266,242,4
242,2023-05-21,14.538170000000036,-2.894929999999988,70,-160,United States of America,Alaska,Wainwright,,0.0999191935484094,5.298382679571944,13.345875892478269,0.225029821292201,243,2
243,2020-08-03,33.344700000000046,19.71950000000004,60,70,Russia,,,,20.469376645161315,4.984132756393266,32.92970853614448,0.0832625221154562,244,2
244,2021-08-04,39.97946000000002,23.294399999999996,30,30,Egypt,,Cairo,,35.67121548387099,1.604545522573492,39.68257929030472,0.185024797064738,245,2
245,2022-10-01,37.57076000000001,22.17288000000002,30,30,Egypt,,Cairo,,28.90390606451615,2.3110925630162917,34.68163747205688,1.2501111267358456,246,2
246,2024-01-20,24.70968000000005,8.01302000000004,30,30,Egypt,,Cairo,,18.088574892473144,2.598645290700158,24.585188119223535,0.047906453882735,247,2
247,2024-06-14,42.71923000000004,21.536130000000018,30,30,Egypt,,Cairo,,34.102436500000024,2.7866784670848737,41.06913266771221,0.5921376835462414,248,2
248,2023-08-26,31.70120000000003,14.280570000000012,-30,120,Australia,Western Australia,Perth,,19.498109290322603,4.474154869837984,30.683496464917564,0.2274627420573211,249,2
249,2024-04-15,21.334040000000016,5.106400000000008,50,140,Russia,,,,5.360695611111132,4.490130129133095,16.58602093394387,1.0574346242773236,250,3
250,2024-10-04,17.56826000000001,3.119169999999997,50,140,Russia,,,,7.160548193548412,4.154568345363692,17.546969056957643,0.0051247064129119,251,2
251,2022-09-03,0.9202999999999976,-10.936440000000005,80,-30,Greenland,,,,-13.445318199999978,5.321003465399111,-0.1428095365021988,0.1997949340599528,252,2
252,2025-02-27,-14.126679999999965,-17.773569999999978,80,-30,Greenland,,,,-28.208043999999983,5.428532696552334,-14.636712258619148,0.0939539811454217,253,2
253,2024-05-30,25.34103000000005,9.354300000000023,60,130,Russia,,,,12.145867419354865,5.222435502391148,25.201956175332732,0.026630070319421,254,2
254,2021-01-08,28.763329999999996,15.211479999999996,30,10,Libya / Tunisia,,Tripoli,,17.297863333333357,3.857553169698434,26.94174625757945,0.4722122190639695,255,3
255,2022-12-09,30.728970000000004,13.581700000000012,30,10,Libya / Tunisia,,Tripoli,,18.84032864516131,4.074200575204919,29.02583008317361,0.41803045416848,256,2
256,2022-12-15,29.729730000000018,12.539450000000045,30,10,Libya / Tunisia,,Tripoli,,18.84032864516131,4.074200575204919,29.02583008317361,0.1727700695715023,257,2
257,2020-05-24,21.067470000000014,9.98965000000004,70,120,Russia,,,,3.176427849462388,6.603887263185564,19.6861460074263,0.2091683182228336,258,2
258,2020-12-01,-7.742129999999975,-11.260629999999992,70,120,Russia,,,,-28.787875741935466,7.555179119515108,-9.899927943147691,0.2856051337782451,259,3
259,2024-05-29,22.95210000000003,10.72643000000005,70,120,Russia,,,,3.176427849462388,6.603887263185564,19.6861460074263,0.4945502341901442,260,2
260,2024-03-30,23.236350000000016,5.53597000000002,50,20,Polad,,Warsaw,,9.676853225806472,4.92232559137862,21.982667204253023,0.2546931876962385,261,2
261,2021-01-22,-6.459699999999998,-17.943869999999976,70,-80,Canada,Nunavut,,,-28.922127204301052,8.709507078520124,-7.148359508000741,0.0790698603023303,262,2
262,2022-07-16,23.724080000000015,6.546170000000018,70,-80,Canada,Nunavut,,,13.17537494252876,3.884430371711216,22.8864508718068,0.2156375705157025,263,2
263,2021-05-30,9.869349999999995,0.7813000000000443,60,-70,Canada,Quebec,,,0.6298676881720642,3.1578707831648183,8.52454464608411,0.4258582590159442,264,2
264,2023-07-04,30.49774000000002,6.038100000000043,60,-70,Canada,Quebec,,,15.308903563218417,4.749271657172003,27.18208270614842,0.6981401640490573,265,2
265,2021-10-01,24.43502000000001,10.233180000000004,40,110,China,,,,13.882366258064538,3.98268665540753,23.839082896583363,0.1496319331593676,266,2
266,2020-03-14,-7.594149999999956,-27.430459999999982,70,-110,Canada,Nunavut,,,-22.746836075268796,5.647078611624145,-8.629139546208433,0.1832787565730036,267,2
267,2020-03-21,-6.1381999999999834,-14.68322999999998,70,-110,Canada,Nunavut,,,-22.746836075268796,5.647078611624145,-8.629139546208433,0.4411023322893031,268,2
268,2022-09-04,14.815400000000013,5.48947000000004,70,-110,Canada,Nunavut,,,3.989143066666691,4.055374202103075,14.12757857192438,0.1696073885657545,269,2
269,2024-03-26,-7.355319999999949,-12.8322,70,-110,Canada,Nunavut,,,-22.746836075268796,5.647078611624145,-8.629139546208433,0.2255714208735131,270,2
270,2024-08-08,28.030730000000005,13.93643000000003,70,-110,Canada,Nunavut,,,13.2035288387097,5.512899401709719,26.985777342983994,0.1895468393078132,271,3
271,2025-02-04,-12.363169999999968,-22.128559999999965,70,-110,Canada,Nunavut,,,-29.681820529411745,6.414549292505389,-13.645447298148271,0.1999013866253216,272,2
272,2025-05-29,14.243980000000022,-0.0998299999999972,70,-110,Canada,Nunavut,,,-1.1804480107526654,4.6528697873986715,10.451726457744014,0.815035390099791,273,2
273,2021-03-20,-1.8360999999999876,-7.365759999999966,60,-100,Canada,Nunavut / Manitoba,,,-16.24990693548385,5.729555324929017,-1.9260186231613063,0.0156938223059103,274,2
274,2024-02-02,-0.9872199999999792,-7.166239999999959,60,-100,Canada,Nunavut / Manitoba,,,-23.796350176470572,6.692477678713869,-7.065155979685898,0.908174262428612,275,3
275,2020-01-06,22.20132000000001,10.065359999999998,30,120,China,,Nanjing,,10.028109516129051,4.741153993087324,21.880994498847365,0.0675627709244805,276,2
276,2021-10-03,32.54708000000005,18.854700000000037,30,120,China,,Nanjing,,21.76197561290325,4.146109143903614,32.12724847266229,0.1012591595556711,277,2
277,2022-10-01,33.75955000000005,23.067769999999996,30,120,China,,Nanjing,,21.76197561290325,4.146109143903614,32.12724847266229,0.3936947800175194,278,3
278,2021-06-30,36.78164000000004,20.27877000000001,60,-110,Canada,Alberta / Saskatchewan / NW Terr,,,19.85435561111113,4.913080657069397,32.137057253784626,0.9453503963002023,279,3
279,2020-01-11,20.500670000000017,10.899380000000008,40,-80,United States of America,Pennsylvania,,,3.5870653763441105,5.520199640856627,17.38756447848568,0.5639479953720017,280,2
280,2020-08-10,31.61447000000004,19.08724000000001,52,0,United Kingdom,,London,,21.622122451612928,3.615452264960529,30.66075311401425,0.2637890963818888,281,3
281,2021-03-30,19.67318,2.970420000000047,52,0,United Kingdom,,London,,10.535198225806475,2.972490736984012,17.966425068266506,0.5741834315908492,282,2
282,2022-07-18,33.950649999999996,17.885370000000023,52,0,United Kingdom,,London,,21.537536264367837,3.386828872415635,30.004608445406923,1.1651139467754044,283,2
283,2022-08-12,30.75424000000004,16.95565000000005,52,0,United Kingdom,,London,,21.622122451612928,3.615452264960529,30.66075311401425,0.0258575910106257,284,3
284,2023-09-08,28.384900000000016,17.16744,52,0,United Kingdom,,London,,19.29063573333336,3.610760473352944,28.31753691671572,0.0186562038056603,285,3
285,2023-10-07,22.58984000000004,14.162000000000036,52,0,United Kingdom,,London,,15.05914141935486,2.4367547607010587,21.151028321107507,0.5904622418706533,286,3
286,2025-04-30,22.93066000000005,7.262800000000027,52,0,United Kingdom,,London,,13.133625777777802,3.278810092973068,21.33065101021047,0.487984648216929,287,2
287,2020-05-23,15.638700000000028,5.4898600000000215,70,110,Russia,,,,-1.841662903225783,5.968729905872289,13.080161861454938,0.4286570474612852,288,3
288,2020-12-01,-5.668039999999962,-10.396829999999966,70,110,Russia,,,,-26.043240193548364,6.142478103477083,-10.687044934855658,0.8170977332445971,289,3
289,2020-11-10,12.948080000000004,6.7295500000000175,50,-70,Canada,Quebec,,,0.0846221333333566,4.747639834323841,11.953721719142958,0.2094426526772671,290,2
290,2022-11-06,15.669460000000017,7.758140000000026,50,-70,Canada,Quebec,,,0.0846221333333566,4.747639834323841,11.953721719142958,0.7826495712656043,291,2
291,2023-10-04,21.661770000000047,8.794600000000003,50,-70,Canada,Quebec,,,9.026888774193573,4.935339814552483,21.36523831057478,0.0600833378384409,292,2
292,2020-04-08,24.821439999999996,8.828700000000026,-50,-70,Argentia,,,,12.732010944444466,3.909598382142473,22.50600689980065,0.5922432111634139,293,2
293,2023-02-27,-16.83386999999999,-37.70823999999999,80,-40,Greenland,,,,-33.62081658823527,6.026414672776095,-18.554779906295032,0.2855611503252723,294,2
294,2023-11-26,-14.74158,-18.168679999999966,80,-40,Greenland,,,,-28.68980433333331,5.112399653092744,-15.90880520060145,0.2283125889611028,295,2
295,2020-07-25,6.296660000000031,0.4247700000000236,80,-100,Canada,,,,1.7341345977011715,1.1964271044545678,4.725202358837591,1.313458743379809,296,2
296,2022-07-14,5.476700000000051,-0.6482999999999493,80,-100,Canada,,,,1.7341345977011715,1.1964271044545678,4.725202358837591,0.6281182015723854,297,3
297,2023-12-02,-9.651899999999957,-15.089879999999994,80,-100,Canada,,,,-22.803445483870945,4.5001416681361315,-11.553091313530617,0.42247365832776,298,4
298,2025-02-05,-10.891399999999976,-22.58526999999998,80,-100,Canada,,,,-24.567760470588215,4.052740040408313,-14.435910369567432,0.8745960348372968,299,3
299,2025-02-28,-9.840499999999963,-28.095819999999975,80,-100,Canada,,,,-24.567760470588215,4.052740040408313,-14.435910369567432,1.1339020819861128,300,3
300,2023-11-11,25.94920000000002,16.066100000000006,40,0,Algeria,,,,18.736550733333356,2.6032576540302825,25.244694868409063,0.2706244349268552,301,2
301,2022-08-10,26.025599999999997,11.611230000000036,60,10,Norway,,Oslo,,18.687101548387123,2.8362323101901237,25.777682323862432,0.0874109202010133,302,2
302,2020-05-16,30.18300000000005,16.79684000000003,40,20,Albania,,Tirane,,20.14569451612905,2.757939075106636,27.04054220389564,1.1394224856047286,303,4
303,2020-10-03,39.35412000000002,25.871820000000017,30,20,Libya,,Tripoli,,29.2592052903226,3.6762243026107098,38.449766046849376,0.24600075477125,304,3
304,2021-01-09,27.23577,8.70028000000002,30,20,Libya,,Tripoli,,18.462570107526904,2.886408489901068,25.678591332279577,0.539486587975562,305,3
305,2021-07-01,41.23245000000003,22.394280000000037,30,20,Libya,,Tripoli,,35.20244988505748,2.353846944255368,41.087067245695906,0.0617638944872493,306,2
306,2022-04-05,42.38217000000003,17.98562000000004,30,20,Libya,,Tripoli,,28.554477500000026,4.971502372197036,40.98323343049262,0.2813911097238774,307,2
307,2022-12-10,25.826750000000004,8.452840000000037,30,20,Libya,,Tripoli,,19.966223290322603,2.322845091628249,25.773336019393227,0.0229950679015514,308,2
308,2022-12-14,25.78463000000005,11.083060000000046,30,20,Libya,,Tripoli,,19.966223290322603,2.322845091628249,25.773336019393227,0.0048621324975682,309,3
309,2023-02-26,29.43084000000005,14.256280000000004,30,20,Libya,,Tripoli,,19.514408823529436,2.9946613688598944,27.001062245679172,0.8113697861090466,310,3
310,2023-07-24,41.351560000000006,24.752220000000023,30,20,Libya,,Tripoli,,35.20244988505748,2.353846944255368,41.087067245695906,0.1123661650769617,311,3
311,2024-01-19,27.668420000000022,10.707970000000046,30,20,Libya,,Tripoli,,18.462570107526904,2.886408489901068,25.678591332279577,0.6893787468691401,312,2
312,2025-03-15,38.16450000000003,21.742760000000033,30,20,Libya,,Tripoli,,23.308933655914004,4.5646782465608124,34.72062927231603,0.7544607837975728,313,2
313,2020-09-05,23.571000000000023,12.198020000000042,60,110,Russia,,,,10.911770066666692,4.6985721785336665,22.658200513000857,0.1942716749504172,314,2
314,2023-10-10,11.769300000000044,3.0085000000000264,60,110,Russia,,,,1.1826105806451854,3.989297141866172,11.155853435310616,0.153773094075028,315,3
315,2021-05-26,9.809500000000014,1.6954600000000255,70,-50,Greenland,,,,-1.3808806989247076,3.998323517469581,8.614928094749244,0.2987681962280978,316,2
316,2025-05-27,27.52330000000001,14.903770000000009,50,120,China,,,,15.787784247311851,4.599156542309332,27.28567560308518,0.0516669512613528,317,2
317,2020-11-09,16.973400000000026,6.9623000000000275,50,-80,Canada,Ontraio,,,0.6063272000000226,5.319098973171184,13.904074632927982,0.5770385891582968,318,2
318,2023-10-02,25.73126000000002,12.71690000000001,50,-80,Canada,Ontraio,,,9.467351419354864,6.27977387085749,25.166786096498587,0.08988761619602,319,3
319,2023-07-13,38.48403000000002,26.366270000000043,20,-90,Mexico,Campeche / Yucatan,Campeche,,34.11131218390807,1.569951988659823,38.03619215555763,0.2852557579322428,320,2
320,2024-02-28,38.10110000000003,21.661460000000034,10,10,Nigeria,,Kano,,32.61742364705885,2.1897862240901564,38.09188920728424,0.0042062520142203,321,2
321,2021-05-01,28.202230000000043,15.37975,-30,140,Australia,,Adelaide,,20.440350215053787,3.0533916290704957,28.073829287730028,0.0420518321487315,322,2
322,2021-07-30,25.934960000000046,9.83325000000002,-30,140,Australia,,Adelaide,,17.257505287356345,2.8324685894266586,24.338676760922993,0.5635660868529415,323,2
323,2023-06-02,26.407070000000033,12.951380000000029,-30,140,Australia,,Adelaide,,17.55294138888891,2.685357299208438,24.266334636910003,0.7971882787147373,324,3
324,2024-08-23,31.565200000000004,18.21640000000002,-30,140,Australia,,Adelaide,,20.916637741935507,4.121443498446753,31.22024648805239,0.0836972560894302,325,3
325,2024-01-23,28.204200000000014,18.393880000000024,-20,-70,Chile,,,,24.935946559139808,1.0574182294764822,27.579492132831017,0.5907859820785234,326,2
326,2021-06-27,32.64868000000001,17.090779999999995,60,-120,Canada,BC/Alberta/NW Terr,,,21.045958333333353,4.25322849364302,31.679029567440903,0.2279798590666768,327,4
327,2022-09-02,14.52075000000002,9.620420000000024,70,-130,Canada,Northwest Territories,Tuktoyaktuk,,6.064168266666689,3.167894438165839,13.983904362081288,0.1694644971281164,328,3
328,2025-01-13,-5.4495299999999816,-10.493349999999964,70,-130,Canada,Northwest Territories,Tuktoyaktuk,,-21.631318172042988,6.2896841011697,-5.90710791911874,0.0727505406883093,329,2
329,2025-02-04,-4.2601399999999785,-12.288239999999972,70,-130,Canada,Northwest Territories,Tuktoyaktuk,,-24.362163352941153,6.498306147773198,-8.116397983508158,0.5934251012211266,330,2
330,2020-02-26,-13.034220000000005,-15.44969999999995,70,140,Russia,,,,-27.00745976470586,5.201386651295564,-14.00399313646695,0.1864451157895352,331,3
331,2025-05-28,17.803060000000016,8.508050000000026,70,140,Russia,,,,0.7102120967742149,6.058647470308455,15.856830772545353,0.3212316341217289,332,3
332,2023-07-29,7.441200000000038,-4.101419999999962,-30,-70,Chile,,Santiago,,-3.862023045976988,4.032055931608034,6.218116783043097,0.3033398439165896,333,5
333,2023-08-13,7.953640000000007,-5.903329999999983,-30,-70,Chile,,Santiago,,-2.709316516129009,4.179837908014471,7.740278253907167,0.0510454593666748,334,2
334,2021-06-21,31.458799999999997,21.96908000000002,60,30,Russia,,St. Petersburg,,20.034163944444465,4.0753146007772,30.222450446387462,0.303375242092169,335,3
335,2023-04-25,17.339140000000043,6.498700000000042,60,30,Russia,,St. Petersburg,,5.474850111111135,3.6702161275912992,14.650390430089384,0.7325861683451431,336,2
336,2024-05-27,25.025300000000016,13.850459999999998,60,30,Russia,,St. Petersburg,,12.723980000000024,4.900409207803841,24.975003019509625,0.0102638327448844,337,2
337,2025-03-30,12.637170000000026,0.797330000000045,60,30,Russia,,St. Petersburg,,1.2049982795699148,3.602557877767263,10.211392973988072,0.67334852299871,338,2
338,2025-04-18,16.691100000000006,7.46517,60,30,Russia,,St. Petersburg,,5.474850111111135,3.6702161275912992,14.650390430089384,0.5560189097773663,339,2
339,2024-05-30,14.05510000000004,8.626520000000028,70,130,Russia,,,,-1.4184732795698696,6.06149565513282,13.73526585826218,0.0527648883930203,340,2
340,2025-05-28,14.313500000000031,6.50848000000002,70,130,Russia,,,,-1.4184732795698696,6.06149565513282,13.73526585826218,0.0953946310673684,341,3
341,2023-08-23,37.57153,25.31570000000005,10,30,South Sudan / Sudan,,,,30.007454387096804,2.6738003802198382,36.6919553376464,0.3289604821887588,342,3
342,2023-08-27,36.79122000000001,25.301540000000045,10,30,South Sudan / Sudan,,,,30.007454387096804,2.6738003802198382,36.6919553376464,0.0371249338910821,343,3
343,2023-09-29,38.553830000000005,25.75800000000004,10,30,South Sudan / Sudan,,,,31.073869600000023,2.4278641925376605,37.143530081344174,0.5808808923458574,344,2
344,2024-02-18,13.21243000000004,7.227800000000002,40,140,Japan,,Tokoyo,,3.3576764705882582,3.631771560335211,12.437105371426286,0.2134838647456648,345,2
345,2021-06-28,27.13214000000005,11.447100000000034,60,-130,Canada,Yukon / BC,Swift River,,15.567522500000026,3.598876530319537,24.56471382579887,0.7133965704495075,346,3
346,2021-08-01,26.80830000000003,11.578030000000012,60,-130,Canada,Yukon / BC,Swift River,,16.360488709677437,4.0019158267978305,26.365278276672015,0.1107024091714852,347,2
347,2023-05-16,19.15206000000001,3.00305000000003,60,-130,Canada,Yukon / BC,Swift River,,9.0794948387097,3.621407593801542,18.13301382321356,0.2813950516176818,348,4
348,2022-11-02,17.205399999999997,4.921660000000031,50,-90,Canada,Ontario,Savant Lake,,0.9282364666666884,5.144531929027302,13.789566289234942,0.6639736632776426,349,2
349,2023-10-02,26.96758,16.168330000000026,50,-90,Canada,Ontario,Savant Lake,,9.491948129032282,6.346045435067006,25.357061716699796,0.2537829739448123,350,2
350,2020-06-26,11.488670000000011,4.95043000000004,70,-70,Canada,Nunavut,,,1.1875413888889124,3.664172312463835,10.347972170048498,0.3113111864503156,351,3
351,2021-02-08,-10.846959999999967,-21.843069999999983,70,-70,Canada,Nunavut,,,-28.98554252941174,5.90703541588189,-14.217953989707016,0.570674416585291,352,2
352,2023-03-06,-8.758099999999956,-13.08677,70,-70,Canada,Nunavut,,,-23.498128172042986,5.542020075447162,-9.64307798342508,0.1596850916051072,353,2
353,2023-12-01,-3.6017799999999625,-7.41519999999997,70,-70,Canada,Nunavut,,,-21.248181612903203,5.79162731066255,-6.7691133362468285,0.5468814145578248,354,3
354,2025-02-13,-12.621739999999988,-19.925899999999984,70,-70,Canada,Nunavut,,,-28.98554252941174,5.90703541588189,-14.217953989707016,0.2702225189670242,355,2
355,2025-06-26,12.234250000000031,1.7536300000000438,70,-70,Canada,Nunavut,,,1.1875413888889124,3.664172312463835,10.347972170048498,0.5147896084295164,356,4
356,2023-01-04,-12.786720000000004,-20.338629999999966,80,-20,Greenland,,,,-26.184092311827932,5.2987490975646505,-12.937219567916303,0.0284028485110702,357,2
357,2023-06-28,7.708830000000035,0.4358500000000163,80,-20,Greenland,,,,-1.399066666666645,2.9041183616513364,5.861229237461696,0.6362002275581352,358,2
358,2023-07-01,8.583280000000002,5.608120000000042,80,-20,Greenland,,,,2.3443261494253114,2.055300325453383,7.482576963058769,0.5355436494169907,359,2
359,2023-08-23,6.55233000000004,2.96768000000003,80,-20,Greenland,,,,-0.2736069677419121,2.7037850803244163,6.485855733069128,0.0245856327171301,360,2
360,2025-02-27,-6.613999999999976,-13.865359999999953,80,-20,Greenland,,,,-24.89574523529409,7.0031535798798314,-7.387861285594511,0.110501829892443,361,2
361,2021-09-01,23.57595000000003,12.212800000000016,60,120,Russia,,,,11.337144600000023,4.812387515474776,23.368113388686965,0.0431878377717389,362,2
362,2023-10-11,12.747580000000028,8.548500000000047,60,120,Russia,,,,1.0953714838709887,4.067958634154792,11.265268069257967,0.3643871691065127,363,2
363,2023-06-02,29.919759999999997,14.388880000000029,-20,20,Namibia,,,,23.180832611111132,2.667592915158066,29.849814899006297,0.0262203054282571,364,2
364,2024-04-24,33.26003000000003,14.66912000000002,-20,20,Namibia,,,,27.73369772222224,2.1331326776360395,33.06652941631234,0.0907119307281562,365,2
365,2023-01-30,4.970900000000029,-10.525919999999983,30,100,China,,,,-4.976927956989224,3.82621599633218,4.588612033841226,0.099912803282738,366,2
366,2020-05-28,11.241360000000045,0.8381600000000162,60,-140,United States of America,Alaska,Yakutat,,4.628860967741958,2.4909411758133304,10.856213907275285,0.1546187025468411,367,2
367,2021-04-19,9.661800000000028,0.0584699999999998,60,-140,United States of America,Alaska,Yakutat,,1.6943438888889135,2.6884556343828936,8.415482974846148,0.4635810274176085,368,2
368,2022-07-04,17.020320000000027,6.3034000000000106,60,-140,United States of America,Alaska,Yakutat,,10.711663103448297,2.399898214348253,16.71140863931893,0.1287185259917323,369,2
369,2023-05-17,10.989340000000029,0.8962600000000407,60,-140,United States of America,Alaska,Yakutat,,4.628860967741958,2.4909411758133304,10.856213907275285,0.0534440933480801,370,3
370,2024-08-05,17.6456,7.218770000000006,60,-140,United States of America,Alaska,Yakutat,,11.009721354838735,2.277872031476007,16.70440143352875,0.4131920289926805,371,2
371,2023-12-06,9.90450000000004,-3.662329999999997,40,100,China,,Jiuquan,,-2.5562204516128797,4.595782879470504,8.933236747063381,0.2113379327111643,372,2
372,2022-12-02,0.8870500000000447,-8.05392999999998,70,-150,United States of America,Alaska,Prudhoe Bay,,-20.031074967741908,7.523998758591573,-1.2210780712629763,0.2801871902033174,373,2
373,2023-08-06,26.24380000000002,13.895039999999996,70,-150,United States of America,Alaska,Prudhoe Bay,,12.075879161290343,5.5190079115254465,25.87339894010396,0.0671137033745766,374,2
374,2024-02-14,-0.185579999999959,-6.156739999999957,70,-150,United States of America,Alaska,Prudhoe Bay,,-25.81760688235292,9.042557804368773,-3.2112123714309924,0.3345991739161729,375,2
375,2024-08-06,27.74624,15.163780000000031,70,-150,United States of America,Alaska,Prudhoe Bay,,12.075879161290343,5.5190079115254465,25.87339894010396,0.3393437896664273,376,2
376,2025-01-19,0.2205400000000281,-5.306919999999991,70,-150,United States of America,Alaska,Prudhoe Bay,,-22.86178209677417,8.490070610702096,-1.6366055700189293,0.2187432419793948,377,2
377,2022-09-01,34.90664000000004,18.795860000000005,50,60,Kazakhstan,,Aktobe,,19.87000453333336,5.656088369941491,34.01022545818709,0.158486657771619,378,3
378,2023-03-27,18.999900000000025,0.0057000000000471,50,60,Kazakhstan,,Aktobe,,1.1378166129032483,6.954126689733252,18.523133337236377,0.0685588117725154,379,2
379,2021-12-21,-5.029549999999972,-16.73679999999996,80,-80,Canada,Nunavut,,,-24.647161612903204,5.768142395362639,-10.226805624496608,0.9010276217652023,380,4
380,2021-06-22,31.505030000000033,21.14608000000004,60,40,Russia,,,,20.11249433333336,4.314742682438173,30.89935103942879,0.1403742946332517,381,3
381,2020-05-23,18.528040000000033,6.8566000000000145,70,80,Russia,,,,0.0317302150537856,4.8058148203467885,12.046267265920758,1.3487354332998518,382,2
382,2022-06-22,26.883020000000045,17.763570000000016,70,80,Russia,,,,10.10948538888891,6.176808786688762,25.551507355610816,0.2155664341202668,383,2
383,2022-05-29,0.2140400000000113,-10.714699999999992,70,-30,Greenland,,,,-11.338458010752667,4.539131045590807,0.0093696032243499,0.0450902154443134,384,2
384,2024-01-08,-9.296239999999957,-12.106419999999956,70,-30,Greenland,,,,-24.94177198924729,5.655951868129124,-10.80189231892448,0.2662067064977629,385,2
385,2023-08-26,35.529930000000036,18.356400000000008,-10,-40,Brazil,,,,28.344898967741955,2.5648622570423196,34.75705461034775,0.301332123208647,386,2
386,2021-06-26,30.919579999999996,13.475850000000037,50,-120,Canada,British Columbia,Vancouver,,17.263978833333354,5.330634819957184,30.59056588322631,0.0617213761373973,387,6
387,2024-03-18,13.136740000000032,-2.684849999999983,50,-120,Canada,British Columbia,Vancouver,,2.329997311827979,3.4502229695204902,10.955554735629203,0.6321867553603262,388,2
388,2020-12-03,23.280050000000017,11.65542000000005,30,70,Pakistan,,"Lahore, Islamabad",,15.969967935483892,2.5605375373668204,22.371311778900942,0.3549013470169992,389,2
389,2023-09-13,34.19875000000002,22.762500000000045,30,70,Pakistan,,"Lahore, Islamabad",,28.793307666666692,1.9338452181545145,33.627920712052976,0.2951783744573877,390,2
390,2020-11-30,40.01263,23.4058,-30,150,Australia,,"Brisbane, Sydney",,27.358458333333353,4.494423692679182,38.59451756503131,0.3155270913328905,391,3
391,2021-12-01,21.004080000000044,9.44840000000005,40,60,Turkmenistan / Uzbekistan,,Ashgabat,,5.2283736129032485,5.993310503976401,20.21164987284425,0.1322191010510863,392,2
392,2024-01-08,-11.63797999999997,-16.326999999999998,70,-40,Greenland,,,,-30.029377795698903,6.743538545759872,-13.17053143129922,0.227262203796977,393,3
393,2023-06-01,36.56515000000002,26.378100000000018,20,100,Thailand / Laos / Myanmar / Vietnam,,,,30.754577500000025,1.8531107448957016,35.38735436223928,0.6355775773276993,394,2
394,2020-12-05,33.36456000000004,16.063440000000014,20,10,Niger,,,,22.38342025806454,3.248828245347664,30.5054908714337,0.8800308642540704,395,2
395,2021-01-04,31.115319999999997,14.658650000000025,20,10,Niger,,,,21.540615913978517,3.5721826164289614,30.471072455050923,0.1803512345606551,396,3
396,2020-02-26,-12.051369999999965,-24.01806999999997,70,150,Russia,,,,-28.42646858823527,6.429347501712219,-12.353099833954722,0.0469300864316951,397,4
397,2023-01-30,-14.999269999999967,-36.63137999999998,70,150,Russia,,,,-30.812562903225786,5.095106021278275,-18.074797850030095,0.6036239162023423,398,2
398,2024-01-27,-17.339559999999977,-31.353169999999977,70,150,Russia,,,,-30.812562903225786,5.095106021278275,-18.074797850030095,0.1443027577757172,399,2
399,2025-02-14,-11.39892999999995,-14.259860000000003,70,150,Russia,,,,-28.42646858823527,6.429347501712219,-12.353099833954722,0.1484085023714559,400,2
400,2022-09-02,33.73586,18.349820000000022,50,70,Kazakhstan,,"Karaganda, Astana",,18.214926066666692,5.957974357013638,33.109861959200785,0.1050689384156717,401,2
401,2022-09-05,33.13552000000004,15.065330000000015,50,70,Kazakhstan,,"Karaganda, Astana",,18.214926066666692,5.957974357013638,33.109861959200785,0.004306504066949,402,2
402,2023-12-05,8.560330000000022,-6.611549999999966,40,90,China,,,,-1.3294696129032026,3.503111010350671,7.428307912973476,0.3231476489559569,403,4
403,2021-04-18,5.509900000000016,3.107970000000023,60,-150,United States of America,Alaska,Anchorage,,-2.874997833333311,3.27783509021708,5.31958989220939,0.0580596956688332,404,2
404,2022-05-28,8.368550000000027,3.05197000000004,60,-150,United States of America,Alaska,Anchorage,,0.7444183333333563,3.046711231250157,8.36119641145875,0.002413615201156,405,2
405,2022-03-28,6.77940000000001,-8.703039999999987,30,90,"Tibet (Bhutan, Bangladash)",,,,-3.7575647849462146,3.676462290846815,5.433590942170822,0.3660608898885787,406,3
406,2020-01-04,34.72660000000002,19.35720000000003,-20,30,Zimbabwe,,Harare,,26.27484413978497,3.12486717350381,34.0870120735445,0.204676836148005,407,3
407,2024-03-05,34.28573,18.25308000000001,-20,30,Zimbabwe,,Harare,,26.12178672043013,3.0379111337068427,33.716564554697236,0.1873542115790176,408,2
