,Country,ISO,Year,Population,Magnitude,Total_Heat_Deaths,Percentage_Heat_Deaths,Total_Cold_Deaths,Percentage_Cold_Deaths,Total_Deaths,Start Month,End Month,Months_Duration,Start Day,End Day,Days_Duration
0,Bangladesh,BGD,2000,134544304.0,6.4,0.0,0.0,49.0,0.0044007562115775814,1113445.0,1,1.0,1.0,,,
1,India,IND,2000,1057922733.0,,0.0,0.0,275.0,0.003012895961634769,9127431.0,1,1.0,1.0,,,
2,Bulgaria,BGR,2000,8170172.0,,0.0,0.0,,0.0,115129.0,1,1.0,1.0,,,
3,Egypt,EGY,2000,73083284.0,2.0,0.0,0.0,3.0,0.0006496487565722799,461788.0,1,1.0,1.0,,,
4,Russian Federation,RUS,2000,146596869.0,,0.0,0.0,13.0,0.0005686393641037216,2286159.0,2,2.0,1.0,,,
5,Belarus,BLR,2000,9979610.0,,0.0,0.0,,0.0,140616.0,5,5.0,1.0,,,
6,Croatia,HRV,2000,4468302.0,35.0,40.0,0.07600372418248494,0.0,0.0,52629.0,6,6.0,1.0,,,
7,Ukraine,UKR,2000,49556660.0,,0.0,0.0,,0.0,751826.0,5,5.0,1.0,1.0,11.0,11.0
8,Pakistan,PAK,2000,154879127.0,46.0,24.0,0.001741341180977589,0.0,0.0,1378248.0,6,6.0,1.0,,,
9,Greece,GRC,2000,10805808.0,44.4,27.0,0.02572212483804588,0.0,0.0,104968.0,7,7.0,1.0,,,
10,Romania,ROU,2000,22442971.0,43.0,6.0,0.002339965836498787,0.0,0.0,256414.0,7,7.0,1.0,,,
11,Türkiye,TUR,2000,65425961.0,46.0,11.0,0.0028878212701163005,0.0,0.0,380910.0,6,7.0,2.0,,,
12,Bulgaria,BGR,2000,8170172.0,43.1,7.0,0.006080136195050769,0.0,0.0,115129.0,6,7.0,2.0,,,
13,Serbia Montenegro,SCG,2000,,42.0,3.0,0.0,0.0,0.0,,7,7.0,1.0,,,
14,Cyprus,CYP,2000,947667.0,43.0,5.0,0.07970667941973537,0.0,0.0,6273.0,7,7.0,1.0,,,
15,Bolivia (Plurinational State of),BOL,2000,8606326.0,-9.0,0.0,0.0,6.0,0.007154525833800365,83863.0,7,7.0,1.0,,,
16,Argentina,ARG,2000,37213984.0,0.0,0.0,0.0,15.0,0.0053248514366449175,281698.0,6,6.0,1.0,17.0,17.0,1.0
17,Uruguay,URY,2000,3266206.0,-7.5,0.0,0.0,7.0,0.022548640639092902,31044.0,7,7.0,1.0,,,
18,Chile,CHL,2000,15503635.0,-20.0,0.0,0.0,,0.0,77691.0,7,7.0,1.0,3.0,3.0,1.0
19,United States of America,USA,2000,282162411.0,38.0,35.0,0.0014439456185326707,0.0,0.0,2423914.0,7,7.0,1.0,,,
20,Jordan,JOR,2000,5386945.0,43.4,,0.0,0.0,0.0,20101.0,7,7.0,1.0,,,
21,Israel,ISR,2000,6289000.0,45.0,,0.0,0.0,0.0,34371.0,7,7.0,1.0,,,
22,Paraguay,PRY,2000,5100868.0,-5.0,0.0,0.0,8.0,0.029459419649432907,27156.0,7,7.0,1.0,,,
23,Morocco,MAR,2000,28423435.0,51.0,,0.0,0.0,0.0,183547.0,8,8.0,1.0,,,
24,Kyrgyzstan,KGZ,2000,4898362.0,0.0,0.0,0.0,11.0,0.027412280701754384,40128.0,10,10.0,1.0,16.0,16.0,1.0
25,Russian Federation,RUS,2000,146596869.0,-7.0,0.0,0.0,232.0,0.010148025574774108,2286159.0,10,10.0,1.0,10.0,10.0,1.0
26,Mexico,MEX,2000,98625552.0,,0.0,0.0,66.0,0.01220940234975498,540567.0,10,10.0,1.0,,,
27,Poland,POL,2000,38258629.0,-23.0,0.0,0.0,84.0,0.022617246188724766,371398.0,12,12.0,1.0,,,
28,India,IND,2001,1077898575.0,-22.0,0.0,0.0,125.0,0.001367132045706396,9143228.0,1,1.0,1.0,,,
29,Kazakhstan,KAZ,2001,15575550.0,-47.0,0.0,0.0,3.0,0.0018295025582544106,163979.0,1,1.0,1.0,,,
30,Russian Federation,RUS,2001,145976482.0,-57.0,0.0,0.0,145.0,0.006281339008198231,2308425.0,1,2.0,2.0,,,
31,Afghanistan,AFG,2001,20284307.0,-25.0,0.0,0.0,150.0,0.06186255789304376,242473.0,1,2.0,2.0,31.0,20.0,20.0
32,Argentina,ARG,2001,37624825.0,-28.0,0.0,0.0,14.0,0.004963817317340386,282041.0,7,7.0,1.0,,,
33,Russian Federation,RUS,2001,145976482.0,30.0,276.0,0.01195620390526008,0.0,0.0,2308425.0,7,7.0,1.0,,,
34,Russian Federation,RUS,2001,145976482.0,-26.0,0.0,0.0,332.0,0.014382100349805603,2308425.0,10,10.0,1.0,,,
35,Poland,POL,2001,38248076.0,-25.0,0.0,0.0,270.0,0.07420212108137224,363871.0,10,1.0,4.0,10.0,20.0,11.0
36,Romania,ROU,2001,22131970.0,-31.0,0.0,0.0,10.0,0.003833091848546875,260886.0,12,12.0,1.0,1.0,1.0,1.0
37,Afghanistan,AFG,2001,20284307.0,,0.0,0.0,177.0,0.07299781831379164,242473.0,11,11.0,1.0,,,
38,India,IND,2001,1077898575.0,,0.0,0.0,48.0,0.000524978705551256,9143228.0,12,12.0,1.0,,,
39,Hungary,HUN,2001,10187576.0,-20.0,0.0,0.0,81.0,0.06165932083399941,131367.0,12,12.0,1.0,,,
40,Türkiye,TUR,2001,66245128.0,,0.0,0.0,29.0,0.007560017414109078,383597.0,12,12.0,1.0,17.0,17.0,1.0
41,North Macedonia,MKD,2001,2034882.0,-25.0,0.0,0.0,15.0,0.08539223499943072,17566.0,12,12.0,1.0,,,
42,Latvia,LVA,2001,2337170.0,-25.0,0.0,0.0,21.0,0.06304791641647652,33308.0,10,10.0,1.0,,,
43,Lithuania,LTU,2001,3470818.0,,0.0,0.0,20.0,0.049539284652729616,40372.0,12,12.0,1.0,,,
44,Bangladesh,BGD,2001,136805810.0,7.0,0.0,0.0,6.0,0.0005527498383206723,1085482.0,12,12.0,1.0,,,
45,Guatemala,GTM,2001,11969422.0,,0.0,0.0,,0.0,73328.0,11,11.0,1.0,,,
46,United States of America,USA,2001,284968955.0,,56.0,0.002301758008782029,0.0,0.0,2432923.0,8,8.0,1.0,,,
47,New Zealand,NZL,2001,3880500.0,,,0.0,0.0,0.0,28096.0,1,4.0,4.0,,,
48,Pakistan,PAK,2002,163222549.0,50.0,113.0,0.008152093536976959,0.0,0.0,1386147.0,5,5.0,1.0,,,
49,India,IND,2002,1097600380.0,50.0,1030.0,0.011314269996708976,0.0,0.0,9103548.0,5,5.0,1.0,10.0,22.0,13.0
50,Nigeria,NGA,2002,133471989.0,60.0,60.0,0.0026758692784340098,0.0,0.0,2242262.0,6,6.0,1.0,,,
51,United States of America,USA,2002,287625193.0,,14.0,0.0005686771027038971,0.0,0.0,2461854.0,6,6.0,1.0,,,
52,Argentina,ARG,2002,38029349.0,,0.0,0.0,,0.0,286385.0,7,7.0,1.0,,,
53,Chile,CHL,2002,15857925.0,,0.0,0.0,,0.0,79493.0,7,7.0,1.0,,,
54,China,CHN,2002,1280400000.0,43.0,7.0,8.841969748337331e-05,0.0,0.0,7916788.0,7,7.0,1.0,,,
55,Russian Federation,RUS,2002,145306497.0,-50.0,0.0,0.0,242.0,0.0101476780686872,2384782.0,10,10.0,1.0,,,
56,Poland,POL,2002,38230364.0,-25.0,0.0,0.0,183.0,0.05049139439021295,362438.0,10,1.0,4.0,,,
57,Romania,ROU,2002,21730496.0,-11.0,0.0,0.0,10.0,0.0035847433323774017,278960.0,12,12.0,1.0,7.0,7.0,1.0
58,Mexico,MEX,2002,101548624.0,-10.0,0.0,0.0,50.0,0.00903520295776404,553391.0,12,12.0,1.0,24.0,24.0,1.0
59,India,IND,2002,1097600380.0,5.0,0.0,0.0,900.0,0.009886255336930173,9103548.0,12,12.0,1.0,,,
60,Bangladesh,BGD,2002,138933658.0,3.0,0.0,0.0,700.0,0.0663148820068778,1055570.0,12,1.0,2.0,15.0,,
61,Nepal,NPL,2002,25328981.0,0.0,0.0,0.0,60.0,0.029938177663125645,200413.0,12,12.0,1.0,,,
62,Pakistan,PAK,2002,163222549.0,0.0,0.0,0.0,,0.0,1386147.0,12,12.0,1.0,,,
63,Latvia,LVA,2003,2287955.0,-37.0,0.0,0.0,15.0,0.04582251412860852,32735.0,1,1.0,1.0,,,
64,Bangladesh,BGD,2003,140970351.0,40.0,62.0,0.006023546236546604,0.0,0.0,1029294.0,5,6.0,2.0,10.0,12.0,3.0
65,India,IND,2003,1116803006.0,49.0,1210.0,0.013334113544274601,0.0,0.0,9074469.0,5,6.0,2.0,14.0,6.0,23.0
66,Pakistan,PAK,2003,167110248.0,50.0,200.0,0.01438548791978652,0.0,0.0,1390290.0,5,6.0,2.0,1.0,6.0,6.0
67,Peru,PER,2003,27580490.0,-28.0,0.0,0.0,339.0,0.21643086980948975,156632.0,7,8.0,2.0,7.0,15.0,9.0
68,Austria,AUT,2003,8121423.0,,345.0,0.44563855483937637,0.0,0.0,77417.0,7,8.0,2.0,,,
69,Belgium,BEL,2003,10376133.0,,1175.0,1.0967573319394404,0.0,0.0,107134.0,8,8.0,1.0,1.0,15.0,15.0
70,Switzerland,CHE,2003,7339001.0,,1039.0,1.639628834743088,0.0,0.0,63368.0,7,7.0,1.0,,,
71,Czechia,CZE,2003,10193998.0,25.0,418.0,0.37522778480955843,0.0,0.0,111399.0,7,7.0,1.0,19.0,22.0,4.0
72,Germany,DEU,2003,82534176.0,,9355.0,1.0901078105554598,0.0,0.0,858172.0,8,8.0,1.0,,,
73,Spain,ESP,2003,42187645.0,40.0,15090.0,3.9801441186710695,0.0,0.0,379132.0,8,8.0,1.0,1.0,11.0,11.0
74,France,FRA,2003,62249855.0,43.0,19490.0,3.510705941901329,0.0,0.0,555159.0,8,8.0,1.0,1.0,20.0,20.0
75,United Kingdom of Great Britain and Northern Ireland,GBR,2003,59647577.0,,301.0,0.04856217248767392,0.0,0.0,619824.0,7,7.0,1.0,,,
76,Croatia,HRV,2003,4303399.0,,788.0,1.5588526211671612,0.0,0.0,50550.0,7,7.0,1.0,,,
77,Italy,ITA,2003,57399184.0,,20089.0,3.453059091674774,0.0,0.0,581774.0,7,8.0,2.0,16.0,15.0,30.0
78,Luxembourg,LUX,2003,451630.0,,170.0,4.0786948176583495,0.0,0.0,4168.0,7,7.0,1.0,,,
79,Netherlands (Kingdom of the),NLD,2003,16225302.0,,965.0,0.6800899269167612,0.0,0.0,141893.0,7,8.0,2.0,31.0,13.0,13.0
80,Portugal,PRT,2003,10458821.0,,2696.0,2.5404722866135203,0.0,0.0,106122.0,7,8.0,2.0,30.0,15.0,16.0
81,Slovakia,SVK,2003,5373374.0,,,0.0,0.0,0.0,52472.0,7,8.0,2.0,,,
82,Slovenia,SVN,2003,1995733.0,,289.0,1.5035638104156912,0.0,0.0,19221.0,7,8.0,2.0,,,
83,Mexico,MEX,2003,102978515.0,-15.0,0.0,0.0,21.0,0.0037290904570799446,563140.0,12,12.0,1.0,,,
84,Bangladesh,BGD,2003,140970351.0,,0.0,0.0,153.0,0.014864557648252104,1029294.0,12,1.0,2.0,15.0,,
85,India,IND,2003,1116803006.0,,0.0,0.0,400.0,0.004407971419594909,9074469.0,12,1.0,2.0,15.0,,
86,Nepal,NPL,2003,25688758.0,,0.0,0.0,48.0,0.024510805179950163,195832.0,12,1.0,2.0,15.0,,
87,Algeria,DZA,2003,32175818.0,47.0,40.0,0.02550321021658601,0.0,0.0,156843.0,6,7.0,2.0,21.0,21.0,1.0
88,Türkiye,TUR,2004,68592617.0,-22.0,0.0,0.0,10.0,0.0025162360128730635,397419.0,1,1.0,1.0,9.0,10.0,2.0
89,China,CHN,2004,1296075000.0,39.0,39.0,0.0004802274948464817,0.0,0.0,8121151.0,7,7.0,1.0,2.0,3.0,2.0
90,Argentina,ARG,2004,38815916.0,-11.0,0.0,0.0,5.0,0.0017113968763584212,292159.0,7,7.0,1.0,,,
91,Brazil,BRA,2004,182675143.0,-7.0,0.0,0.0,,0.0,1088789.0,7,7.0,1.0,,,
92,Chile,CHL,2004,16187322.0,,0.0,0.0,,0.0,83211.0,7,7.0,1.0,,,
93,Peru,PER,2004,27852190.0,-35.0,0.0,0.0,90.0,0.054862660473281886,164046.0,6,7.0,2.0,,,
94,Paraguay,PRY,2004,5388175.0,,0.0,0.0,,0.0,27905.0,7,7.0,1.0,,,
95,Uruguay,URY,2004,3283148.0,,0.0,0.0,,0.0,31436.0,7,7.0,1.0,,,
96,Albania,ALB,2004,3026939.0,38.0,3.0,0.016737335416201742,0.0,0.0,17924.0,7,7.0,1.0,1.0,,
97,North Macedonia,MKD,2004,2016186.0,43.0,15.0,0.08249010118785746,0.0,0.0,18184.0,7,7.0,1.0,1.0,,
98,Romania,ROU,2004,21451748.0,38.0,27.0,0.008965869921830898,0.0,0.0,301142.0,7,7.0,1.0,1.0,,
99,Japan,JPN,2004,127761000.0,39.5,10.0,0.00093988937502056,0.0,0.0,1063955.0,7,8.0,2.0,,,
100,Spain,ESP,2004,42921895.0,,26.0,0.007091289441888247,0.0,0.0,366647.0,7,7.0,1.0,26.0,30.0,5.0
101,Canary Islands,SPI,2004,,42.0,13.0,0.0,0.0,0.0,,7,7.0,1.0,26.0,30.0,5.0
102,Mexico,MEX,2004,104394131.0,,0.0,0.0,14.0,0.002430872075357034,575925.0,11,11.0,1.0,,,
103,United States of America,USA,2004,292805298.0,,0.0,0.0,3.0,0.0001239764196849759,2419815.0,1,1.0,1.0,9.0,12.0,4.0
104,Bangladesh,BGD,2005,144715786.0,,,0.0,0.0,0.0,987574.0,7,7.0,1.0,,,
105,India,IND,2005,1154676322.0,49.0,329.0,0.0036442337311824897,0.0,0.0,9027961.0,6,6.0,1.0,,,
106,China,CHN,2005,1303720000.0,39.0,,0.0,0.0,0.0,8214690.0,7,7.0,1.0,,,
107,Pakistan,PAK,2005,175453212.0,50.0,106.0,0.007183192414006683,0.0,0.0,1475667.0,6,6.0,1.0,13.0,28.0,16.0
108,Belgium,BEL,2005,10478617.0,,0.0,0.0,2.0,0.0019356587046571948,103324.0,11,11.0,1.0,25.0,26.0,2.0
109,Germany,DEU,2005,82469422.0,,0.0,0.0,1.0,0.00011982778350954009,834531.0,11,11.0,1.0,25.0,27.0,3.0
110,France,FRA,2005,63180854.0,,0.0,0.0,6.0,0.0011300754513709698,530938.0,11,11.0,1.0,23.0,27.0,5.0
111,United Kingdom of Great Britain and Northern Ireland,GBR,2005,60401206.0,,0.0,0.0,,0.0,590615.0,11,11.0,1.0,25.0,27.0,3.0
112,Netherlands (Kingdom of the),NLD,2005,16319868.0,,0.0,0.0,,0.0,136474.0,11,11.0,1.0,25.0,27.0,3.0
113,United States of America,USA,2005,295516599.0,47.0,33.0,0.001334865597237071,0.0,0.0,2472159.0,7,7.0,1.0,4.0,30.0,27.0
114,Bangladesh,BGD,2005,144715786.0,8.0,0.0,0.0,0.0,0.0,987574.0,12,1.0,2.0,,,
115,India,IND,2005,1154676322.0,2.0,0.0,0.0,0.0,0.0,9027961.0,12,1.0,2.0,,,
116,Austria,AUT,2005,8227829.0,-35.0,0.0,0.0,0.0,0.0,75442.0,12,1.0,2.0,27.0,,
117,Belgium,BEL,2005,10478617.0,,0.0,0.0,0.0,0.0,103324.0,12,12.0,1.0,27.0,30.0,4.0
118,Bulgaria,BGR,2006,7601022.0,-23.0,0.0,0.0,0.0,0.0,113227.0,1,1.0,1.0,22.0,25.0,4.0
119,Belarus,BLR,2006,9604924.0,,0.0,0.0,0.0,0.0,138148.0,1,1.0,1.0,,,
120,Switzerland,CHE,2005,7437115.0,-35.0,0.0,0.0,0.0,0.0,61388.0,12,12.0,1.0,27.0,30.0,4.0
121,Czechia,CZE,2005,10211216.0,,0.0,0.0,0.0,0.0,107980.0,12,1.0,2.0,27.0,,
122,Germany,DEU,2006,82376451.0,-20.0,0.0,0.0,0.0,0.0,825844.0,1,1.0,1.0,22.0,28.0,7.0
123,Spain,ESP,2005,43653155.0,,0.0,0.0,0.0,0.0,382153.0,12,1.0,2.0,27.0,,
124,Estonia,EST,2006,1346810.0,,0.0,0.0,0.0,0.0,17333.0,1,1.0,1.0,,,
125,France,FRA,2005,63180854.0,,0.0,0.0,0.0,0.0,530938.0,12,12.0,1.0,27.0,30.0,4.0
126,United Kingdom of Great Britain and Northern Ireland,GBR,2005,60401206.0,-11.0,0.0,0.0,0.0,0.0,590615.0,12,12.0,1.0,27.0,30.0,4.0
127,Croatia,HRV,2005,4310145.0,-20.0,0.0,0.0,0.0,0.0,50364.0,12,12.0,1.0,27.0,30.0,4.0
128,Hungary,HUN,2005,10087065.0,,0.0,0.0,0.0,0.0,134954.0,12,1.0,2.0,27.0,,
129,Italy,ITA,2005,58166682.0,-21.0,0.0,0.0,0.0,0.0,563627.0,12,1.0,2.0,27.0,,
130,Latvia,LVA,2006,2218357.0,,0.0,0.0,0.0,0.0,33259.0,1,1.0,1.0,,,
131,Republic of Moldova,MDA,2006,2880967.0,-30.0,0.0,0.0,0.0,0.0,48875.0,1,1.0,1.0,20.0,24.0,5.0
132,Netherlands (Kingdom of the),NLD,2005,16319868.0,,0.0,0.0,0.0,0.0,136474.0,12,12.0,1.0,27.0,30.0,4.0
133,Poland,POL,2005,38165445.0,-32.0,0.0,0.0,0.0,0.0,365074.0,10,2.0,5.0,,6.0,
134,Romania,ROU,2006,21193760.0,-34.0,0.0,0.0,0.0,0.0,267555.0,1,1.0,1.0,20.0,28.0,9.0
135,Russian Federation,RUS,2006,143049637.0,-43.0,0.0,0.0,0.0,0.0,2193337.0,1,1.0,1.0,,,
136,Serbia Montenegro,SCG,2006,,-36.0,0.0,0.0,0.0,0.0,,1,1.0,1.0,,,
137,Slovakia,SVK,2005,5372807.0,,0.0,0.0,0.0,0.0,53616.0,12,12.0,1.0,27.0,30.0,4.0
138,Sweden,SWE,2005,9029572.0,,0.0,0.0,0.0,0.0,91952.0,12,12.0,1.0,,,
139,Türkiye,TUR,2005,69329557.0,,0.0,0.0,0.0,0.0,404340.0,12,2.0,3.0,26.0,6.0,11.0
140,Ukraine,UKR,2006,47278694.0,-30.0,0.0,0.0,0.0,0.0,763523.0,1,2.0,2.0,16.0,6.0,21.0
141,Romania,ROU,2005,21319685.0,36.0,13.0,0.004597701149425287,0.0,0.0,282750.0,7,8.0,2.0,27.0,1.0,5.0
142,Afghanistan,AFG,2005,24404567.0,,0.0,0.0,21.0,0.008680124993799911,241932.0,4,4.0,1.0,9.0,10.0,2.0
143,Portugal,PRT,2005,10503330.0,,462.0,0.4408439011822632,0.0,0.0,104799.0,6,8.0,3.0,,,
144,India,IND,2006,1172878890.0,,47.0,0.000522460638426891,0.0,0.0,8995893.0,5,5.0,1.0,,,
145,Pakistan,PAK,2006,179682690.0,50.0,84.0,0.00591466407172516,0.0,0.0,1420199.0,5,5.0,1.0,,,
146,Romania,ROU,2006,21193760.0,36.0,26.0,0.009717628151221245,0.0,0.0,267555.0,6,7.0,2.0,29.0,,
147,Belgium,BEL,2006,10547958.0,,940.0,0.9251513212932434,0.0,0.0,101605.0,6,7.0,2.0,,,
148,Germany,DEU,2006,82376451.0,,2.0,0.0002421764885377868,0.0,0.0,825844.0,7,7.0,1.0,15.0,23.0,9.0
149,Spain,ESP,2006,44397319.0,40.0,21.0,0.005727595555385849,0.0,0.0,366646.0,7,8.0,2.0,15.0,4.0,20.0
150,France,FRA,2006,63622342.0,37.0,1388.0,0.26641688484187737,0.0,0.0,520988.0,7,7.0,1.0,15.0,23.0,9.0
151,Netherlands (Kingdom of the),NLD,2006,16346101.0,34.0,1000.0,0.7383942877817897,0.0,0.0,135429.0,7,7.0,1.0,15.0,23.0,9.0
152,Portugal,PRT,2006,10522288.0,47.0,41.0,0.041299004794713726,0.0,0.0,99276.0,7,7.0,1.0,11.0,17.0,7.0
153,United States of America,USA,2006,298379912.0,50.0,164.0,0.006686560543340125,0.0,0.0,2452681.0,7,8.0,2.0,14.0,15.0,2.0
154,United States of America,USA,2006,298379912.0,44.0,24.0,0.000978521055122945,0.0,0.0,2452681.0,7,8.0,2.0,30.0,6.0,7.0
155,Guatemala,GTM,2006,13367459.0,,0.0,0.0,6.0,0.007921524101237079,75743.0,11,11.0,1.0,,23.0,
156,Mexico,MEX,2006,107253666.0,,0.0,0.0,5.0,0.0008362714336368441,597892.0,11,11.0,1.0,,,
157,El Salvador,SLV,2006,6002319.0,,0.0,0.0,1.0,0.0022224197706462796,44996.0,11,11.0,1.0,,,
158,Bangladesh,BGD,2007,147989278.0,5.0,0.0,0.0,0.0,0.0,963370.0,1,1.0,1.0,,,
159,India,IND,2007,1190676021.0,44.9,72.0,0.0008024342288127829,0.0,0.0,8972698.0,4,6.0,3.0,,,
160,South Africa,ZAF,2007,50528584.0,0.0,0.0,0.0,22.0,0.0033179651221539024,663057.0,5,5.0,1.0,21.0,27.0,7.0
161,Albania,ALB,2007,2970017.0,,,0.0,0.0,0.0,16958.0,7,7.0,1.0,15.0,22.0,8.0
162,Austria,AUT,2007,8295487.0,39.0,5.0,0.0066916488222698075,0.0,0.0,74720.0,7,7.0,1.0,,,
163,Bulgaria,BGR,2007,7545338.0,45.5,2.0,0.0017729081899493834,0.0,0.0,112809.0,6,7.0,2.0,,,
164,Bosnia and Herzegovina,BIH,2007,4013424.0,,,0.0,0.0,0.0,36792.0,7,7.0,1.0,15.0,22.0,8.0
165,Cyprus,CYP,2007,1072714.0,42.0,4.0,0.061614294516327786,0.0,0.0,6492.0,6,7.0,2.0,,,
166,Greece,GRC,2007,11048473.0,46.0,16.0,0.014410519679365937,0.0,0.0,111030.0,6,7.0,2.0,,,
167,Hungary,HUN,2007,10055780.0,41.9,500.0,0.378254883270543,0.0,0.0,132186.0,7,7.0,1.0,,,
168,Italy,ITA,2007,58756247.0,45.0,6.0,0.0010559606337875724,0.0,0.0,568203.0,6,6.0,1.0,,,
169,North Macedonia,MKD,2007,1982933.0,45.0,,0.0,0.0,0.0,19454.0,7,7.0,1.0,,,
170,Romania,ROU,2007,20882982.0,45.0,30.0,0.011782124945507672,0.0,0.0,254623.0,6,7.0,2.0,,,
171,Serbia,SRB,2007,7381579.0,45.0,,0.0,0.0,0.0,103335.0,7,7.0,1.0,16.0,24.0,9.0
172,Slovakia,SVK,2007,5374622.0,40.3,1.0,0.0018598076958842456,0.0,0.0,53769.0,7,7.0,1.0,15.0,22.0,8.0
173,Türkiye,TUR,2007,70158112.0,43.0,3.0,0.0007180589430651064,0.0,0.0,417793.0,6,6.0,1.0,,,
174,Argentina,ARG,2007,40016763.0,-3.8,0.0,0.0,0.0,0.0,316077.0,5,7.0,3.0,,,
175,Bolivia (Plurinational State of),BOL,2007,9685960.0,,0.0,0.0,0.0,0.0,81995.0,7,7.0,1.0,,,
176,Chile,CHL,2007,16671581.0,-18.0,0.0,0.0,0.0,0.0,91596.0,7,7.0,1.0,,,
177,Peru,PER,2007,28530699.0,-20.0,0.0,0.0,0.0,0.0,176758.0,4,7.0,4.0,,,
178,Uruguay,URY,2007,3295153.0,0.0,0.0,0.0,0.0,0.0,30727.0,7,7.0,1.0,,,
179,Japan,JPN,2007,128001000.0,40.9,62.0,0.00539333505572098,0.0,0.0,1149567.0,8,8.0,1.0,,17.0,
180,Romania,ROU,2007,20882982.0,,0.0,0.0,38.0,0.014924024930976386,254623.0,12,,,10.0,,
181,India,IND,2007,1190676021.0,1.9,0.0,0.0,47.0,0.0005238112326972333,8972698.0,12,1.0,2.0,,,
182,India,IND,2007,1190676021.0,,0.0,0.0,66.0,0.000735564709745051,8972698.0,3,3.0,1.0,11.0,14.0,4.0
183,Afghanistan,AFG,2008,26482622.0,,0.0,0.0,0.0,0.0,235284.0,1,2.0,2.0,5.0,15.0,11.0
184,Bulgaria,BGR,2008,7492561.0,-31.6,0.0,0.0,10.0,0.009071446714322,110236.0,1,1.0,1.0,,,
185,Hungary,HUN,2008,10038188.0,,0.0,0.0,17.0,0.013137761016399017,129398.0,1,1.0,1.0,,,
186,China,CHN,2008,1324655000.0,11.3,0.0,0.0,0.0,0.0,8683383.0,1,2.0,2.0,10.0,5.0,26.0
187,Tajikistan,TJK,2008,7338403.0,-15.0,0.0,0.0,0.0,0.0,41996.0,1,2.0,2.0,,,
188,China,CHN,2008,1324655000.0,,0.0,0.0,0.0,0.0,8683383.0,2,2.0,1.0,14.0,18.0,5.0
189,United States of America,USA,2008,304093966.0,,0.0,0.0,0.0,0.0,2502103.0,12,12.0,1.0,11.0,14.0,4.0
190,India,IND,2008,1207930964.0,4.0,0.0,0.0,70.0,0.000782044787928446,8950894.0,12,1.0,2.0,,,
191,Belgium,BEL,2009,10796493.0,-20.0,0.0,0.0,1.0,0.0009564069702939995,104558.0,1,1.0,1.0,,,
192,Germany,DEU,2009,81902307.0,-26.0,0.0,0.0,1.0,0.00011618342109054406,860708.0,1,1.0,1.0,5.0,,
193,France,FRA,2009,64706436.0,,0.0,0.0,2.0,0.00036769166847448406,543934.0,1,1.0,1.0,6.0,8.0,3.0
194,Poland,POL,2008,38125759.0,-25.0,0.0,0.0,82.0,0.021521970782612348,381006.0,11,1.0,3.0,1.0,8.0,8.0
195,Portugal,PRT,2009,10568247.0,,0.0,0.0,,0.0,101665.0,1,1.0,1.0,,,
196,Romania,ROU,2009,20367487.0,-31.0,0.0,0.0,43.0,0.017666320187673838,243401.0,1,1.0,1.0,1.0,15.0,15.0
197,Ukraine,UKR,2009,46623731.0,-19.0,0.0,0.0,5.0,0.0006943181171203572,720131.0,1,1.0,1.0,,,
198,Japan,JPN,2008,128063000.0,,47.0,0.003974680439921014,0.0,0.0,1182485.0,7,7.0,1.0,,,
199,France,FRA,2009,64706436.0,,0.0,0.0,0.0,0.0,543934.0,1,1.0,1.0,14.0,14.0,1.0
200,Bosnia and Herzegovina,BIH,2009,3879794.0,-25.0,0.0,0.0,0.0,0.0,37217.0,1,1.0,1.0,,,
201,Serbia,SRB,2009,7320807.0,,0.0,0.0,0.0,0.0,103895.0,1,1.0,1.0,15.0,15.0,1.0
202,United States of America,USA,2009,306771529.0,,0.0,0.0,58.0,0.0023492348177662097,2468889.0,1,1.0,1.0,26.0,28.0,3.0
203,India,IND,2009,1225524753.0,48.0,120.0,0.0013431322291294042,0.0,0.0,8934340.0,4,6.0,3.0,14.0,26.0,13.0
204,Peru,PER,2009,28896811.0,0.0,0.0,0.0,274.0,0.14105388876305006,194252.0,5,8.0,4.0,,,
205,Austria,AUT,2009,8343323.0,,0.0,0.0,2.0,0.0025775520987717966,77593.0,12,12.0,1.0,18.0,19.0,2.0
206,Germany,DEU,2009,81902307.0,-33.6,0.0,0.0,14.0,0.001626567895267617,860708.0,12,1.0,2.0,18.0,25.0,8.0
207,France,FRA,2009,64706436.0,-24.0,0.0,0.0,2.0,0.00036769166847448406,543934.0,12,12.0,1.0,18.0,19.0,2.0
208,United Kingdom of Great Britain and Northern Ireland,GBR,2009,62276270.0,,0.0,0.0,3.0,0.0005299286009531649,566114.0,12,12.0,1.0,19.0,23.0,5.0
209,Italy,ITA,2009,59555454.0,-16.0,0.0,0.0,,0.0,586205.0,12,12.0,1.0,21.0,21.0,1.0
210,Poland,POL,2009,38151603.0,-35.0,0.0,0.0,298.0,0.07757063352821436,384166.0,11,1.0,3.0,1.0,26.0,26.0
211,Romania,ROU,2009,20367487.0,-20.0,0.0,0.0,11.0,0.004519291210800284,243401.0,12,12.0,1.0,20.0,23.0,4.0
212,Ukraine,UKR,2009,46623731.0,-15.0,0.0,0.0,27.0,0.003749317832449929,720131.0,12,12.0,1.0,21.0,21.0,1.0
213,Bangladesh,BGD,2009,150873714.0,-6.0,0.0,0.0,135.0,0.014477351524036158,932491.0,12,1.0,2.0,15.0,31.0,17.0
214,India,IND,2010,1243481564.0,-9.0,0.0,0.0,100.0,0.0011225107062264883,8908601.0,1,1.0,1.0,2.0,13.0,12.0
215,Nepal,NPL,2009,27173035.0,,0.0,0.0,18.0,0.00946929843020075,190088.0,12,1.0,2.0,,,
216,Australia,AUS,2009,21691653.0,48.8,347.0,0.24376194222771722,0.0,0.0,142352.0,1,2.0,2.0,27.0,8.0,12.0
217,Mongolia,MNG,2009,2691115.0,-50.0,0.0,0.0,5.0,0.02819124943617501,17736.0,12,5.0,6.0,,,
218,Japan,JPN,2009,128047000.0,,16.0,0.0013542921326630715,0.0,0.0,1181429.0,7,7.0,1.0,,,
219,Bulgaria,BGR,2010,7395599.0,-38.3,0.0,0.0,3.0,0.002738150653048931,109563.0,1,1.0,1.0,,,
220,Romania,ROU,2010,20246871.0,-34.0,0.0,0.0,52.0,0.020556447213415454,252962.0,1,1.0,1.0,22.0,26.0,5.0
221,Russian Federation,RUS,2010,142849468.0,-30.0,0.0,0.0,13.0,0.0006185830926014131,2101577.0,1,1.0,1.0,1.0,26.0,26.0
222,Serbia,SRB,2010,7291436.0,-18.0,0.0,0.0,3.0,0.0028989988790537667,103484.0,1,1.0,1.0,28.0,28.0,1.0
223,Brazil,BRA,2010,193701929.0,46.3,32.0,0.0028476844765599973,0.0,0.0,1123720.0,2,2.0,1.0,,,
224,India,IND,2010,1243481564.0,49.0,250.0,0.0028062767655662206,0.0,0.0,8908601.0,3,5.0,3.0,,,
225,Argentina,ARG,2010,41288694.0,,0.0,0.0,42.0,0.013340194004535667,314838.0,7,7.0,1.0,,,
226,Bolivia (Plurinational State of),BOL,2010,10182345.0,4.0,0.0,0.0,4.0,0.004888362032092097,81827.0,7,7.0,1.0,,,
227,Chile,CHL,2010,17181464.0,,0.0,0.0,,0.0,98971.0,7,7.0,1.0,,,
228,Paraguay,PRY,2010,5737971.0,0.0,0.0,0.0,12.0,0.04013377926421405,29900.0,7,7.0,1.0,,,
229,Uruguay,URY,2010,3318580.0,,0.0,0.0,4.0,0.012884107453456162,31046.0,7,7.0,1.0,,,
230,Japan,JPN,2010,128070000.0,35.0,170.0,0.013758909905848589,0.0,0.0,1235563.0,7,7.0,1.0,19.0,25.0,7.0
231,Peru,PER,2010,29086019.0,,0.0,0.0,409.0,0.20883755603892853,195846.0,7,1.0,7.0,,,
232,Russian Federation,RUS,2010,142849468.0,40.0,55736.0,2.6521036345563354,0.0,0.0,2101577.0,6,8.0,3.0,,,
233,Switzerland,CHE,2010,7824909.0,,0.0,0.0,,0.0,62923.0,11,12.0,2.0,30.0,1.0,2.0
234,Czechia,CZE,2010,10474410.0,,0.0,0.0,12.0,0.011239849011361614,106763.0,11,12.0,2.0,,,
235,Germany,DEU,2010,81776930.0,,0.0,0.0,1.0,0.00011602677898058872,861870.0,11,12.0,2.0,28.0,1.0,4.0
236,France,FRA,2010,65026211.0,,0.0,0.0,3.0,0.0005484831697939349,546963.0,11,12.0,2.0,28.0,1.0,4.0
237,United Kingdom of Great Britain and Northern Ireland,GBR,2010,62766365.0,,0.0,0.0,,0.0,567677.0,11,12.0,2.0,28.0,1.0,4.0
238,Italy,ITA,2010,59819407.0,,0.0,0.0,,0.0,582909.0,12,12.0,1.0,1.0,1.0,1.0
239,Lithuania,LTU,2010,3097282.0,,0.0,0.0,5.0,0.011865774360434763,42138.0,11,12.0,2.0,27.0,1.0,5.0
240,Poland,POL,2010,38042794.0,-33.0,0.0,0.0,200.0,0.052727876701133124,379306.0,11,2.0,4.0,,,
241,Portugal,PRT,2010,10573100.0,,0.0,0.0,,0.0,102923.0,12,12.0,1.0,,,
242,Russian Federation,RUS,2010,142849468.0,-51.0,0.0,0.0,11.0,0.0005234164629704265,2101577.0,12,12.0,1.0,3.0,3.0,1.0
243,Slovakia,SVK,2010,5391428.0,,0.0,0.0,122.0,0.23007147302317688,53027.0,11,2.0,4.0,,28.0,
244,Myanmar,MMR,2010,49024382.0,,260.0,0.05757383844780931,0.0,0.0,451594.0,4,8.0,5.0,,,
245,China,CHN,2011,1345035000.0,,0.0,0.0,2.0,2.2298174760606796e-05,8969344.0,1,1.0,1.0,1.0,24.0,24.0
246,India,IND,2011,1261224954.0,-20.2,0.0,0.0,80.0,0.0008999489616445127,8889393.0,1,1.0,1.0,1.0,18.0,18.0
247,Bangladesh,BGD,2011,153591076.0,4.5,0.0,0.0,50.0,0.005490077234406534,910734.0,1,2.0,2.0,7.0,20.0,14.0
248,Mexico,MEX,2011,115243504.0,-15.0,0.0,0.0,3.0,0.00045685325568858447,656666.0,2,2.0,1.0,1.0,8.0,8.0
249,Peru,PER,2011,29304086.0,,0.0,0.0,20.0,0.010230754671618351,195489.0,5,6.0,2.0,,,
250,United States of America,USA,2011,311839461.0,50.0,22.0,0.0008616745940729321,0.0,0.0,2553168.0,7,7.0,1.0,19.0,22.0,4.0
251,Italy,ITA,2011,60026841.0,47.0,10.0,0.0016866734246048546,0.0,0.0,592883.0,8,8.0,1.0,17.0,24.0,8.0
252,Guatemala,GTM,2011,14792126.0,,0.0,0.0,,0.0,78479.0,12,12.0,1.0,,,
253,Bangladesh,BGD,2011,153591076.0,9.0,0.0,0.0,12.0,0.001317618536257568,910734.0,12,12.0,1.0,13.0,18.0,6.0
254,Japan,JPN,2011,127833000.0,35.0,36.0,0.002784416548715688,0.0,0.0,1292910.0,7,8.0,2.0,,,
255,Nepal,NPL,2011,27464494.0,,0.0,0.0,,0.0,192204.0,12,1.0,2.0,,,
256,Poland,POL,2011,38063255.0,,0.0,0.0,26.0,0.0068494774639019365,379591.0,11,12.0,2.0,,,
257,Nepal,NPL,2011,27464494.0,,0.0,0.0,42.0,0.021851782481113816,192204.0,1,1.0,1.0,11.0,19.0,9.0
258,India,IND,2011,1261224954.0,0.0,0.0,0.0,132.0,0.001484915786713446,8889393.0,12,12.0,1.0,16.0,31.0,16.0
259,Chile,CHL,2011,17351816.0,-22.0,0.0,0.0,0.0,0.0,102168.0,7,7.0,1.0,13.0,19.0,7.0
260,Albania,ALB,2012,2900401.0,,0.0,0.0,0.0,0.0,19584.0,1,2.0,2.0,,,
261,Serbia,SRB,2012,7201497.0,,0.0,0.0,0.0,0.0,100473.0,1,2.0,2.0,6.0,,
262,India,IND,2012,1278674502.0,,0.0,0.0,15.0,0.00016891960372812323,8879964.0,1,1.0,1.0,15.0,17.0,3.0
263,Austria,AUT,2012,8429991.0,,0.0,0.0,5.0,0.006275021648824689,79681.0,2,2.0,1.0,,,
264,Azerbaijan,AZE,2012,9295784.0,-11.0,0.0,0.0,5.0,0.0076463121836338336,65391.0,2,2.0,1.0,,,
265,Belgium,BEL,2012,11106932.0,,0.0,0.0,3.0,0.002749997708335243,109091.0,2,2.0,1.0,,,
266,Bulgaria,BGR,2012,7305888.0,-30.0,0.0,0.0,30.0,0.027517634217260896,109021.0,1,2.0,2.0,,,
267,Bosnia and Herzegovina,BIH,2012,3670113.0,-32.5,0.0,0.0,4.0,0.010174751354513773,39313.0,2,2.0,1.0,2.0,7.0,6.0
268,Belarus,BLR,2012,9446836.0,,0.0,0.0,,0.0,128717.0,1,2.0,2.0,,,
269,Switzerland,CHE,2012,7996861.0,-35.1,0.0,0.0,,0.0,64352.0,2,2.0,1.0,7.0,7.0,1.0
270,Czechia,CZE,2012,10510785.0,,0.0,0.0,25.0,0.023113905325443787,108160.0,1,2.0,2.0,,,
271,Germany,DEU,2012,80425823.0,,0.0,0.0,4.0,0.00045849844053217915,872413.0,2,2.0,1.0,,,
272,Estonia,EST,2012,1322696.0,,0.0,0.0,1.0,0.00647332988089073,15448.0,2,2.0,1.0,,,
273,France,FRA,2012,65657659.0,,0.0,0.0,12.0,0.002121059469204868,565755.0,2,2.0,1.0,,,
274,Greece,GRC,2012,11045011.0,,0.0,0.0,5.0,0.004222687656239443,118408.0,2,2.0,1.0,,,
275,Croatia,HRV,2012,4260368.0,,0.0,0.0,3.0,0.005785474601766498,51854.0,2,2.0,1.0,,,
276,Hungary,HUN,2012,9920362.0,,0.0,0.0,16.0,0.01241705793333592,128855.0,2,2.0,1.0,,,
277,Italy,ITA,2012,60191247.0,-25.0,0.0,0.0,45.0,0.00735202817950712,612076.0,2,2.0,1.0,,,
278,Lithuania,LTU,2012,2989139.0,-27.0,0.0,0.0,24.0,0.058569441393952704,40977.0,1,2.0,2.0,,,
279,Latvia,LVA,2012,2034319.0,,0.0,0.0,10.0,0.03435363633240578,29109.0,2,2.0,1.0,,,
280,Republic of Moldova,MDA,2012,2860324.0,,0.0,0.0,10.0,0.02334267040149393,42840.0,1,2.0,2.0,30.0,5.0,6.0
281,North Macedonia,MKD,2012,1929821.0,,0.0,0.0,1.0,0.005091131249363608,19642.0,1,2.0,2.0,,,
282,Montenegro,MNE,2012,621418.0,,0.0,0.0,1.0,0.016165535079211122,6186.0,2,2.0,1.0,,,
283,Netherlands (Kingdom of the),NLD,2012,16754962.0,,0.0,0.0,1.0,0.0007106310403638431,140720.0,2,2.0,1.0,,,
284,Poland,POL,2012,38063164.0,-32.0,0.0,0.0,82.0,0.021432025195697913,382605.0,1,2.0,2.0,27.0,,
285,Romania,ROU,2012,20058035.0,-32.5,0.0,0.0,86.0,0.032946530845231754,261029.0,1,2.0,2.0,23.0,16.0,24.0
286,Russian Federation,RUS,2012,143378447.0,-34.0,0.0,0.0,64.0,0.003337846379792678,1917404.0,1,2.0,2.0,1.0,,
287,Serbia,SRB,2012,7201497.0,-30.0,0.0,0.0,10.0,0.009952922675743733,100473.0,1,2.0,2.0,28.0,,
288,Slovakia,SVK,2012,5407579.0,,0.0,0.0,5.0,0.00961372070218616,52009.0,1,1.0,1.0,,,
289,Ukraine,UKR,2012,46210056.0,-30.0,0.0,0.0,112.0,0.017018560867946605,658105.0,1,2.0,2.0,27.0,,
290,Morocco,MAR,2012,33355241.0,-1.0,0.0,0.0,,0.0,195014.0,2,2.0,1.0,,,
291,Afghanistan,AFG,2012,30560034.0,-18.0,0.0,0.0,0.0,0.0,239042.0,1,1.0,1.0,16.0,17.0,2.0
292,Tajikistan,TJK,2012,8014084.0,-15.0,0.0,0.0,0.0,0.0,43466.0,2,2.0,1.0,,,
293,United States of America,USA,2012,314339099.0,40.0,123.0,0.0047908035268103884,0.0,0.0,2567419.0,6,7.0,2.0,30.0,19.0,20.0
294,Peru,PER,2012,29550366.0,0.0,0.0,0.0,252.0,0.1318232940130254,191165.0,6,6.0,1.0,,,
295,Poland,POL,2012,38063164.0,,0.0,0.0,14.0,0.003659126252924034,382605.0,10,12.0,3.0,28.0,1.0,4.0
296,Bulgaria,BGR,2012,7305888.0,-19.0,0.0,0.0,3.0,0.0027517634217260893,109021.0,12,12.0,1.0,1.0,15.0,15.0
297,Switzerland,CHE,2012,7996861.0,,0.0,0.0,11.0,0.017093485827946297,64352.0,12,12.0,1.0,7.0,31.0,25.0
298,Czechia,CZE,2012,10510785.0,,0.0,0.0,7.0,0.0064718934911242604,108160.0,12,12.0,1.0,7.0,7.0,1.0
299,Germany,DEU,2012,80425823.0,,0.0,0.0,2.0,0.00022924922026608957,872413.0,12,12.0,1.0,7.0,31.0,25.0
300,Croatia,HRV,2012,4260368.0,,0.0,0.0,4.0,0.007713966135688664,51854.0,12,12.0,1.0,7.0,31.0,25.0
301,Lithuania,LTU,2012,2989139.0,,0.0,0.0,6.0,0.014642360348488176,40977.0,12,12.0,1.0,7.0,31.0,25.0
302,Poland,POL,2012,38063164.0,,0.0,0.0,177.0,0.04626181048339671,382605.0,12,12.0,1.0,1.0,21.0,21.0
303,Russian Federation,RUS,2012,143378447.0,,0.0,0.0,170.0,0.008866154446324302,1917404.0,12,12.0,1.0,14.0,25.0,12.0
304,Serbia,SRB,2012,7201497.0,,0.0,0.0,6.0,0.005971753605446239,100473.0,12,12.0,1.0,7.0,31.0,25.0
305,Ukraine,UKR,2012,46210056.0,,0.0,0.0,83.0,0.012611969214639002,658105.0,12,12.0,1.0,7.0,31.0,25.0
306,Bangladesh,BGD,2012,155070101.0,7.5,0.0,0.0,72.0,0.007941322450780346,906650.0,12,2.0,3.0,,,
307,Nepal,NPL,2013,27589996.0,,0.0,0.0,49.0,0.02515219645405361,194814.0,1,1.0,1.0,1.0,20.0,20.0
308,Kazakhstan,KAZ,2012,17306106.0,,0.0,0.0,0.0,0.0,141878.0,12,1.0,2.0,18.0,,
309,India,IND,2012,1278674502.0,,0.0,0.0,249.0,0.0028040654218868455,8879964.0,12,1.0,2.0,22.0,20.0,29.0
310,China,CHN,2012,1354190000.0,,0.0,0.0,0.0,0.0,9086058.0,2,2.0,1.0,7.0,9.0,3.0
311,Kyrgyzstan,KGZ,2012,5652076.0,,0.0,0.0,16.0,0.03786802991574363,42252.0,12,12.0,1.0,18.0,22.0,5.0
312,Belarus,BLR,2013,9443211.0,-25.0,0.0,0.0,0.0,0.0,124090.0,1,2.0,2.0,,,
313,Tajikistan,TJK,2013,8216724.0,-55.0,0.0,0.0,0.0,0.0,43433.0,1,2.0,2.0,,,
314,Poland,POL,2013,38040196.0,-24.0,0.0,0.0,25.0,0.006535588895773043,382521.0,3,3.0,1.0,1.0,26.0,26.0
315,India,IND,2013,1295829511.0,46.0,557.0,0.006266787847066975,0.0,0.0,8888126.0,4,5.0,2.0,1.0,30.0,30.0
316,Japan,JPN,2013,127445000.0,41.0,338.0,0.025851671065784853,0.0,0.0,1307459.0,5,9.0,5.0,,,
317,Peru,PER,2013,29817919.0,,0.0,0.0,0.0,0.0,188485.0,8,9.0,2.0,23.0,12.0,20.0
318,Bolivia (Plurinational State of),BOL,2013,10682608.0,,18.0,0.0216533538639207,0.0,0.0,83128.0,8,8.0,1.0,,,
319,Chile,CHL,2013,17687006.0,,0.0,0.0,0.0,0.0,107148.0,9,9.0,1.0,10.0,30.0,21.0
320,Canada,CAN,2013,35080992.0,,0.0,0.0,0.0,0.0,256612.0,12,12.0,1.0,21.0,22.0,2.0
321,United States of America,USA,2013,316726282.0,,0.0,0.0,0.0,0.0,2611127.0,12,12.0,1.0,19.0,22.0,4.0
322,United Kingdom of Great Britain and Northern Ireland,GBR,2013,64139000.0,40.0,760.0,0.13085444509106436,0.0,0.0,580798.0,7,7.0,1.0,,,
323,Armenia,ARM,2013,3022000.0,-20.0,0.0,0.0,0.0,0.0,28674.0,12,2.0,3.0,,,
324,China,CHN,2013,1363240000.0,,40.0,0.00043311905489957267,0.0,0.0,9235336.0,7,8.0,2.0,1.0,15.0,15.0
325,Canada,CAN,2014,35434066.0,-48.0,0.0,0.0,,0.0,263225.0,1,1.0,1.0,1.0,9.0,9.0
326,United States of America,USA,2014,319257560.0,-37.0,0.0,0.0,21.0,0.0007980636695195543,2631369.0,1,1.0,1.0,5.0,8.0,4.0
327,Australia,AUS,2014,23475686.0,52.0,139.0,0.08959707101373607,0.0,0.0,155139.0,1,1.0,1.0,13.0,18.0,6.0
328,Belarus,BLR,2014,9448515.0,-35.0,0.0,0.0,0.0,0.0,121844.0,1,1.0,1.0,18.0,29.0,12.0
329,Poland,POL,2014,38011735.0,-24.0,0.0,0.0,78.0,0.020264845948199935,384903.0,1,1.0,1.0,23.0,27.0,5.0
330,Romania,ROU,2014,19908979.0,-18.0,0.0,0.0,13.0,0.005003598742172255,259813.0,1,1.0,1.0,26.0,31.0,6.0
331,Slovenia,SVN,2014,2061980.0,,0.0,0.0,0.0,0.0,19647.0,1,2.0,2.0,31.0,2.0,2.0
332,India,IND,2014,1312277191.0,-9.0,0.0,0.0,24.0,0.00027013605402360897,8884412.0,1,1.0,1.0,20.0,24.0,5.0
333,Serbia,SRB,2014,7131787.0,,0.0,0.0,0.0,0.0,99746.0,1,2.0,2.0,28.0,2.0,5.0
334,Thailand,THA,2014,70216367.0,2.0,0.0,0.0,63.0,0.013284272896920368,474245.0,1,1.0,1.0,,,
335,North Macedonia,MKD,2014,1917557.0,,0.0,0.0,0.0,0.0,19139.0,12,1.0,2.0,28.0,3.0,6.0
336,India,IND,2014,1312277191.0,3.1,0.0,0.0,16.0,0.000180090702682406,8884412.0,12,12.0,1.0,7.0,9.0,3.0
337,India,IND,2014,1312277191.0,,0.0,0.0,0.0,0.0,8884412.0,12,12.0,1.0,17.0,18.0,2.0
338,Guatemala,GTM,2014,15681725.0,,0.0,0.0,0.0,0.0,81499.0,11,1.0,3.0,,,
339,Pakistan,PAK,2014,214264647.0,,139.0,0.008920526452248872,0.0,0.0,1558204.0,1,4.0,4.0,,30.0,
340,Peru,PER,2014,30115826.0,,0.0,0.0,505.0,0.27388196500818934,184386.0,4,9.0,6.0,13.0,27.0,15.0
341,Japan,JPN,2014,127276000.0,39.0,27.0,0.0020562091423627824,0.0,0.0,1313096.0,7,7.0,1.0,14.0,29.0,16.0
342,India,IND,2015,1328024498.0,48.0,2248.0,0.025155470430796384,0.0,0.0,8936426.0,5,5.0,1.0,20.0,31.0,12.0
343,Pakistan,PAK,2015,217290883.0,45.0,1229.0,0.07895448585468391,0.0,0.0,1556593.0,6,6.0,1.0,18.0,24.0,7.0
344,Peru,PER,2015,30457600.0,-20.0,0.0,0.0,21.0,0.011421050627885855,183871.0,5,9.0,5.0,,,
345,Egypt,EGY,2015,99597342.0,47.0,110.0,0.018984501743122432,0.0,0.0,579420.0,8,8.0,1.0,9.0,9.0,1.0
346,Sudan,SDN,2015,40024431.0,47.0,16.0,0.005655069062530926,0.0,0.0,282932.0,8,8.0,1.0,13.0,15.0,3.0
347,Belgium,BEL,2015,11274196.0,,410.0,0.3699593044765076,0.0,0.0,110823.0,6,7.0,2.0,30.0,5.0,6.0
348,France,FRA,2015,66548272.0,40.0,3275.0,0.5547744481899954,0.0,0.0,590330.0,6,8.0,3.0,29.0,9.0,11.0
349,Mongolia,MNG,2015,3026864.0,,0.0,0.0,0.0,0.0,18622.0,11,4.0,6.0,,,
350,Japan,JPN,2015,127141000.0,,32.0,0.0024083509569432005,0.0,0.0,1328710.0,8,8.0,1.0,3.0,9.0,7.0
351,Poland,POL,2015,37986412.0,,0.0,0.0,77.0,0.020038463440213813,384261.0,1,1.0,1.0,,,
352,Japan,JPN,2015,127141000.0,,2.0,0.00015052193480895003,0.0,0.0,1328710.0,5,5.0,1.0,11.0,,
353,Japan,JPN,2015,127141000.0,,5.0,0.00037630483702237507,0.0,0.0,1328710.0,7,7.0,1.0,12.0,15.0,4.0
354,Poland,POL,2016,37970087.0,-20.0,0.0,0.0,21.0,0.005356104428733205,392076.0,1,1.0,1.0,2.0,4.0,3.0
355,Ukraine,UKR,2016,45616832.0,,0.0,0.0,37.0,0.006443186765346103,574250.0,1,1.0,1.0,1.0,12.0,12.0
356,China,CHN,2016,1387790000.0,-41.0,0.0,0.0,5.0,5.160670243079954e-05,9688664.0,1,1.0,1.0,20.0,26.0,7.0
357,Japan,JPN,2016,127076000.0,,0.0,0.0,8.0,0.0005927778905702375,1349578.0,1,1.0,1.0,20.0,26.0,7.0
358,Republic of Korea,KOR,2016,51217803.0,-18.0,0.0,0.0,6.0,0.0021134202183867557,283900.0,1,1.0,1.0,20.0,26.0,7.0
359,Thailand,THA,2016,70859841.0,8.6,0.0,0.0,14.0,0.0028559654999367606,490202.0,1,1.0,1.0,20.0,26.0,7.0
360,Taiwan (Province of China),TWN,2016,,-1.3,0.0,0.0,85.0,0.04839774978932744,175628.0,1,1.0,1.0,20.0,26.0,7.0
361,South Africa,ZAF,2016,57259551.0,45.0,11.0,0.0021182891156528087,0.0,0.0,519287.0,1,1.0,1.0,1.0,10.0,10.0
362,Morocco,MAR,2016,35023457.0,,0.0,0.0,,0.0,198656.0,2,2.0,1.0,27.0,27.0,1.0
363,India,IND,2016,1343944296.0,51.0,300.0,0.003331653069635214,0.0,0.0,9004539.0,4,5.0,2.0,1.0,20.0,20.0
364,Mongolia,MNG,2016,3088856.0,,0.0,0.0,0.0,0.0,18637.0,12,1.0,2.0,23.0,4.0,12.0
365,Japan,JPN,2016,127076000.0,,3.0,0.00022229170896383905,0.0,0.0,1349578.0,8,8.0,1.0,6.0,8.0,3.0
366,Albania,ALB,2017,2873457.0,,0.0,0.0,0.0,0.0,21372.0,1,1.0,1.0,20.0,20.0,1.0
367,Belarus,BLR,2017,9458989.0,-31.0,0.0,0.0,0.0,0.0,119098.0,1,1.0,1.0,5.0,20.0,16.0
368,Greece,GRC,2017,10754679.0,,0.0,0.0,0.0,0.0,126469.0,1,1.0,1.0,20.0,20.0,1.0
369,North Macedonia,MKD,2017,1898657.0,-25.0,0.0,0.0,0.0,0.0,19771.0,1,1.0,1.0,5.0,20.0,16.0
370,Serbia,SRB,2017,7020858.0,,0.0,0.0,0.0,0.0,101112.0,1,1.0,1.0,20.0,20.0,1.0
371,Ukraine,UKR,2017,45436041.0,,0.0,0.0,0.0,0.0,557290.0,1,1.0,1.0,,13.0,
372,Morocco,MAR,2017,35446392.0,-13.0,0.0,0.0,,0.0,199580.0,1,2.0,2.0,15.0,26.0,12.0
373,Algeria,DZA,2017,41689299.0,,0.0,0.0,,0.0,194263.0,1,1.0,1.0,16.0,20.0,5.0
374,Morocco,MAR,2017,35446392.0,,0.0,0.0,,0.0,199580.0,2,2.0,1.0,27.0,27.0,1.0
375,India,IND,2017,1359657400.0,48.0,264.0,0.0029098126708894958,0.0,0.0,9072749.0,4,6.0,3.0,12.0,15.0,4.0
376,Bangladesh,BGD,2018,163523103.0,2.6,0.0,0.0,34.0,0.003820821454137219,889861.0,1,1.0,1.0,1.0,10.0,10.0
377,Morocco,MAR,2018,35839760.0,-5.0,0.0,0.0,,0.0,201291.0,1,1.0,1.0,5.0,9.0,5.0
378,India,IND,2018,1374659064.0,4.2,0.0,0.0,44.0,0.000479854351117499,9169449.0,1,2.0,2.0,1.0,7.0,7.0
379,Nepal,NPL,2018,28079689.0,,0.0,0.0,50.0,0.02518701357580032,198515.0,1,1.0,1.0,1.0,7.0,7.0
380,Czechia,CZE,2018,10629928.0,,0.0,0.0,3.0,0.0026565599319920657,112928.0,2,2.0,1.0,23.0,28.0,6.0
381,Estonia,EST,2018,1321977.0,,0.0,0.0,7.0,0.04442751967504443,15756.0,2,2.0,1.0,1.0,28.0,28.0
382,France,FRA,2018,67158348.0,,0.0,0.0,3.0,0.0004958808828002063,604984.0,2,2.0,1.0,23.0,28.0,6.0
383,Italy,ITA,2018,60148658.0,,0.0,0.0,1.0,0.00015732224945645164,635638.0,2,2.0,1.0,23.0,28.0,6.0
384,Lithuania,LTU,2018,2819200.0,,0.0,0.0,5.0,0.012626900348502449,39598.0,2,2.0,1.0,23.0,28.0,6.0
385,Poland,POL,2018,37974750.0,,0.0,0.0,9.0,0.002201043294521603,408897.0,2,2.0,1.0,23.0,28.0,6.0
386,Romania,ROU,2018,19473970.0,,0.0,0.0,2.0,0.0007422995698373992,269433.0,2,2.0,1.0,23.0,28.0,6.0
387,Mongolia,MNG,2018,3208189.0,-46.5,0.0,0.0,0.0,0.0,19014.0,1,2.0,2.0,,,
388,Pakistan,PAK,2018,226928892.0,42.0,180.0,0.011575733917607784,0.0,0.0,1554977.0,5,5.0,1.0,18.0,22.0,5.0
389,Canada,CAN,2018,37072620.0,37.2,70.0,0.02416050861322132,0.0,0.0,289729.0,6,7.0,2.0,29.0,5.0,7.0
390,Japan,JPN,2018,126811000.0,41.1,119.0,0.008437221048810388,0.0,0.0,1410417.0,7,7.0,1.0,1.0,15.0,15.0
391,Republic of Korea,KOR,2018,51585058.0,,,0.0,0.0,0.0,302790.0,7,7.0,1.0,,,
392,Belgium,BEL,2018,11427054.0,,,0.0,0.0,0.0,110783.0,7,7.0,1.0,,,
393,Germany,DEU,2018,82905782.0,38.0,,0.0,0.0,0.0,961486.0,7,7.0,1.0,,,
394,Spain,ESP,2018,46782011.0,46.6,9.0,0.0021083109618114607,0.0,0.0,426882.0,8,8.0,1.0,,,
395,France,FRA,2018,67158348.0,38.0,,0.0,0.0,0.0,604984.0,7,7.0,1.0,,,
396,United Kingdom of Great Britain and Northern Ireland,GBR,2018,66289000.0,33.2,820.0,0.13274730255862333,0.0,0.0,617715.0,6,7.0,2.0,30.0,10.0,11.0
397,Italy,ITA,2018,60148658.0,40.0,,0.0,0.0,0.0,635638.0,8,8.0,1.0,,,
398,Netherlands (Kingdom of the),NLD,2018,17231624.0,,100.0,0.06515252205412872,0.0,0.0,153486.0,7,7.0,1.0,,,
399,Portugal,PRT,2018,10283822.0,45.2,,0.0,0.0,0.0,111263.0,8,8.0,1.0,,,
400,Democratic People's Republic of Korea,PRK,2018,25931147.0,37.8,,0.0,0.0,0.0,235013.0,7,8.0,2.0,11.0,3.0,23.0
401,Australia,AUS,2018,24963258.0,49.3,,0.0,0.0,0.0,160788.0,12,1.0,2.0,,,
402,Hungary,HUN,2018,9706964.0,,0.0,0.0,179.0,0.13713427667414904,130529.0,12,2.0,3.0,,,
403,Algeria,DZA,2019,43294546.0,,0.0,0.0,8.0,0.003947654106547184,202652.0,1,3.0,3.0,11.0,22.0,12.0
404,Republic of Moldova,MDA,2019,2664224.0,,0.0,0.0,0.0,0.0,43324.0,1,1.0,1.0,11.0,30.0,20.0
405,Mongolia,MNG,2019,3267673.0,-48.0,0.0,0.0,0.0,0.0,19684.0,1,2.0,2.0,11.0,20.0,10.0
406,India,IND,2019,1389030312.0,42.2,90.0,0.0009714516272138573,0.0,0.0,9264486.0,6,6.0,1.0,,,
407,India,IND,2019,1389030312.0,,22.0,0.0002374659533189429,0.0,0.0,9264486.0,6,6.0,1.0,,,
408,Belgium,BEL,2019,11488980.0,35.0,128.0,0.1174538213784307,0.0,0.0,108979.0,6,7.0,2.0,21.0,1.0,11.0
409,Germany,DEU,2019,83092962.0,38.6,4.0,0.0004225439894702038,0.0,0.0,946647.0,6,6.0,1.0,24.0,30.0,7.0
410,Spain,ESP,2019,47118501.0,,2.0,0.0004779989053825067,0.0,0.0,418411.0,6,6.0,1.0,26.0,30.0,5.0
411,France,FRA,2019,67382061.0,46.0,567.0,0.09312057389864803,0.0,0.0,608888.0,6,7.0,2.0,24.0,7.0,14.0
412,United Kingdom of Great Britain and Northern Ireland,GBR,2019,66631000.0,,5.0,0.0008260967260134554,0.0,0.0,605256.0,6,6.0,1.0,26.0,30.0,5.0
413,Italy,ITA,2019,59729081.0,,3.0,0.0004659021729677347,0.0,0.0,643912.0,6,6.0,1.0,26.0,30.0,5.0
414,Austria,AUT,2019,8879920.0,,1.0,0.0011949858394178028,0.0,0.0,83683.0,7,7.0,1.0,24.0,26.0,3.0
415,Belgium,BEL,2019,11488980.0,40.6,400.0,0.367043191807596,0.0,0.0,108979.0,7,7.0,1.0,19.0,27.0,9.0
416,Germany,DEU,2019,83092962.0,41.5,,0.0,0.0,0.0,946647.0,7,7.0,1.0,24.0,25.0,2.0
417,France,FRA,2019,67382061.0,43.6,868.0,0.14255495263496734,0.0,0.0,608888.0,7,7.0,1.0,21.0,27.0,7.0
418,Netherlands (Kingdom of the),NLD,2019,17344874.0,40.4,400.0,0.2632063801226542,0.0,0.0,151972.0,7,7.0,1.0,22.0,27.0,6.0
419,Japan,JPN,2019,126633000.0,30.0,162.0,0.011311917034769482,0.0,0.0,1432118.0,7,8.0,2.0,29.0,8.0,10.0
420,Japan,JPN,2019,126633000.0,,11.0,0.0007680931319905204,0.0,0.0,1432118.0,7,7.0,1.0,22.0,30.0,9.0
421,Belgium,BEL,2019,11488980.0,35.0,188.0,0.1725103001495701,0.0,0.0,108979.0,8,8.0,1.0,23.0,29.0,7.0
422,United Kingdom of Great Britain and Northern Ireland,GBR,2019,66631000.0,38.7,161.0,0.026600314577633268,0.0,0.0,605256.0,7,8.0,2.0,21.0,28.0,8.0
423,Bangladesh,BGD,2019,164913055.0,7.9,0.0,0.0,50.0,0.005644181751683095,885868.0,11,12.0,2.0,,,
424,State of Palestine,PSE,2020,4803269.0,0.0,0.0,0.0,3.0,0.01745302228169178,17189.0,1,2.0,2.0,18.0,5.0,18.0
425,Belgium,BEL,2020,11538604.0,,1687.0,1.3257054843500742,0.0,0.0,127253.0,8,8.0,1.0,5.0,8.0,4.0
426,France,FRA,2020,67601110.0,,1924.0,0.2895179165544358,0.0,0.0,664553.0,7,8.0,2.0,30.0,16.0,17.0
427,United Kingdom of Great Britain and Northern Ireland,GBR,2020,66744000.0,,2556.0,0.3696119941695009,0.0,0.0,691536.0,6,8.0,3.0,,,
428,Netherlands (Kingdom of the),NLD,2020,17441500.0,,400.0,0.23723244628167794,0.0,0.0,168611.0,8,8.0,1.0,5.0,16.0,12.0
429,Canada,CAN,2021,38239864.0,49.6,815.0,0.26189871749965454,0.0,0.0,311189.0,6,7.0,2.0,26.0,,
430,United States of America,USA,2021,332099760.0,46.8,229.0,0.0065561961923101255,0.0,0.0,3492879.0,6,6.0,1.0,26.0,30.0,5.0
431,France,FRA,2021,67842811.0,,0.0,0.0,,0.0,654168.0,4,4.0,1.0,5.0,8.0,4.0
432,State of Palestine,PSE,2022,5043612.0,,0.0,0.0,0.0,0.0,15876.0,1,1.0,1.0,26.0,31.0,6.0
433,India,IND,2022,1425423212.0,45.0,25.0,0.00026671844560757394,0.0,0.0,9373180.0,3,4.0,2.0,,,
434,Pakistan,PAK,2022,243700667.0,50.0,,0.0,0.0,0.0,1587285.0,3,4.0,2.0,,,
435,Japan,JPN,2022,125124989.0,37.0,80.0,0.0049526373103217294,0.0,0.0,1615301.0,6,7.0,2.0,20.0,1.0,12.0
436,Republic of Korea,KOR,2022,51672569.0,,2.0,0.0005120091752044197,0.0,0.0,390618.0,7,7.0,1.0,1.0,2.0,2.0
437,Albania,ALB,2022,2777689.0,,352.0,1.4293835783318445,0.0,0.0,24626.0,5,9.0,5.0,30.0,4.0,5.0
438,Austria,AUT,2022,9041851.0,36.3,419.0,0.43376537330738335,0.0,0.0,96596.0,5,9.0,5.0,30.0,4.0,5.0
439,Belgium,BEL,2022,11680210.0,40.0,434.0,0.36217673223122565,0.0,0.0,119831.0,5,9.0,5.0,30.0,4.0,5.0
440,Bulgaria,BGR,2022,6465097.0,,1277.0,1.1054362880886426,0.0,0.0,115520.0,5,9.0,5.0,30.0,4.0,5.0
441,Switzerland,CHE,2022,8777088.0,38.3,302.0,0.3945855545102958,0.0,0.0,76536.0,5,9.0,5.0,30.0,4.0,5.0
442,Cyprus,CYP,2022,1331370.0,,101.0,0.9857505367948468,0.0,0.0,10246.0,5,9.0,5.0,30.0,30.0,1.0
443,Czechia,CZE,2022,10672118.0,,279.0,0.23774424173220965,0.0,0.0,117353.0,5,9.0,5.0,30.0,4.0,5.0
444,Germany,DEU,2022,83797985.0,40.3,8173.0,0.7548309457598598,0.0,0.0,1082759.0,5,9.0,5.0,30.0,4.0,5.0
445,Denmark,DNK,2022,5903037.0,35.9,252.0,0.4242638517096823,0.0,0.0,59397.0,5,9.0,5.0,30.0,4.0,5.0
446,Spain,ESP,2022,47786102.0,43.2,11324.0,2.351695135247391,0.0,0.0,481525.0,5,9.0,5.0,30.0,4.0,5.0
447,Estonia,EST,2022,1348840.0,,167.0,0.977866260686263,0.0,0.0,17078.0,5,9.0,5.0,30.0,4.0,5.0
448,Finland,FIN,2022,5556106.0,32.5,225.0,0.3571145147210539,0.0,0.0,63005.0,5,9.0,5.0,30.0,4.0,5.0
449,France,FRA,2022,68065015.0,42.0,4807.0,0.7296588802992102,0.0,0.0,658801.0,5,9.0,5.0,30.0,4.0,5.0
450,United Kingdom of Great Britain and Northern Ireland,GBR,2022,67604000.0,40.3,3469.0,0.5349077827617524,0.0,0.0,648523.0,5,9.0,5.0,30.0,4.0,5.0
451,Greece,GRC,2022,10436882.0,42.1,3092.0,2.1101624934313343,0.0,0.0,146529.0,5,9.0,5.0,30.0,4.0,5.0
452,Croatia,HRV,2022,3855641.0,40.0,731.0,1.370273867321499,0.0,0.0,53347.0,5,9.0,5.0,30.0,4.0,5.0
453,Hungary,HUN,2022,9605074.0,41.9,513.0,0.3832820298257673,0.0,0.0,133844.0,5,9.0,5.0,30.0,4.0,5.0
454,Ireland,IRL,2022,5212836.0,33.3,26.0,0.07398975526465566,0.0,0.0,35140.0,5,9.0,5.0,30.0,4.0,5.0
455,Italy,ITA,2022,59013667.0,40.8,18010.0,2.4283135153647124,0.0,0.0,741667.0,5,9.0,5.0,30.0,4.0,5.0
456,Lithuania,LTU,2022,2831639.0,,381.0,0.8517582884353133,0.0,0.0,44731.0,5,9.0,5.0,30.0,4.0,5.0
457,Luxembourg,LUX,2022,653103.0,,44.0,0.967032967032967,0.0,0.0,4550.0,5,9.0,5.0,30.0,4.0,5.0
458,Latvia,LVA,2022,1879383.0,,105.0,0.35164099129269927,0.0,0.0,29860.0,5,9.0,5.0,30.0,4.0,5.0
459,Malta,MLT,2022,531113.0,,76.0,1.8491484184914841,0.0,0.0,4110.0,5,9.0,5.0,30.0,4.0,5.0
460,Montenegro,MNE,2022,623591.0,,50.0,0.6818491749624983,0.0,0.0,7333.0,5,9.0,5.0,30.0,4.0,5.0
461,Netherlands (Kingdom of the),NLD,2022,17700982.0,39.5,469.0,0.2811464059418405,0.0,0.0,166817.0,5,9.0,5.0,30.0,4.0,5.0
462,Norway,NOR,2022,5457127.0,34.0,30.0,0.0657620728205353,0.0,0.0,45619.0,5,9.0,5.0,30.0,30.0,1.0
463,Poland,POL,2022,36821749.0,38.3,763.0,0.18099912465692009,0.0,0.0,421549.0,5,9.0,5.0,30.0,4.0,5.0
464,Portugal,PRT,2022,10434332.0,47.0,2212.0,1.7623391626498826,0.0,0.0,125515.0,5,9.0,5.0,30.0,4.0,5.0
465,Romania,ROU,2022,19048502.0,39.3,2455.0,0.9152695291674589,0.0,0.0,268227.0,5,9.0,5.0,30.0,4.0,5.0
466,Serbia,SRB,2022,6664449.0,40.0,574.0,0.5332590115198811,0.0,0.0,107640.0,5,9.0,5.0,30.0,4.0,5.0
467,Slovakia,SVK,2022,5431752.0,37.0,365.0,0.625128451051586,0.0,0.0,58388.0,5,9.0,5.0,30.0,4.0,5.0
468,Slovenia,SVN,2022,2112076.0,40.6,154.0,0.6846574489841284,0.0,0.0,22493.0,5,9.0,5.0,30.0,4.0,5.0
469,Sweden,SWE,2022,10486941.0,36.9,40.0,0.042250694495790775,0.0,0.0,94673.0,5,9.0,5.0,30.0,30.0,1.0
470,Kyrgyzstan,KGZ,2022,6975220.0,41.0,,0.0,0.0,0.0,41564.0,7,7.0,1.0,18.0,25.0,8.0
471,Mongolia,MNG,2022,3433748.0,-34.0,0.0,0.0,,0.0,20081.0,11,12.0,2.0,28.0,,
472,Afghanistan,AFG,2023,41454761.0,-33.0,0.0,0.0,166.0,0.0690814661916969,240296.0,1,1.0,1.0,9.0,23.0,15.0
473,Canada,CAN,2023,40083484.0,-50.0,0.0,0.0,0.0,0.0,311827.0,1,2.0,2.0,30.0,5.0,6.0
474,United States of America,USA,2023,336806231.0,-50.0,0.0,0.0,0.0,0.0,2975657.0,1,2.0,2.0,30.0,1.0,2.0
475,Lebanon,LBN,2023,5773493.0,,0.0,0.0,,0.0,34424.0,1,2.0,2.0,,28.0,
476,India,IND,2023,1438069596.0,38.0,11.0,0.00011570405972938083,0.0,0.0,9507013.0,4,4.0,1.0,,,
477,Mongolia,MNG,2023,3481145.0,,0.0,0.0,2.0,0.009833808634083981,20338.0,5,5.0,1.0,19.0,22.0,4.0
478,India,IND,2023,1438069596.0,45.0,179.0,0.0018828206083235607,0.0,0.0,9507013.0,4,6.0,3.0,,,
479,Pakistan,PAK,2023,247504495.0,49.0,22.0,0.0013747293501591873,0.0,0.0,1600315.0,4,5.0,2.0,,,
480,United States of America,USA,2023,336806231.0,56.7,14.0,0.00047048433337578896,0.0,0.0,2975657.0,6,7.0,2.0,,,
481,Albania,ALB,2023,2745972.0,,363.0,1.5494941733896785,0.0,0.0,23427.0,7,8.0,2.0,,,
482,Austria,AUT,2023,9131761.0,,486.0,0.5213361652828732,0.0,0.0,93222.0,7,8.0,2.0,,,
483,Belgium,BEL,2023,11787423.0,,324.0,0.2847150213536266,0.0,0.0,113798.0,7,8.0,2.0,,,
484,Bulgaria,BGR,2023,6446596.0,,1670.0,1.6217528526341345,0.0,0.0,102975.0,7,8.0,2.0,,,
485,Switzerland,CHE,2023,8888093.0,,294.0,0.39843337082763014,0.0,0.0,73789.0,7,8.0,2.0,,,
486,Cyprus,CYP,2023,1344976.0,,151.0,1.5894736842105264,0.0,0.0,9500.0,7,8.0,2.0,,,
487,Czechia,CZE,2023,10864042.0,,361.0,0.3179748262589073,0.0,0.0,113531.0,7,8.0,2.0,,,
488,Germany,DEU,2023,83901923.0,,6376.0,0.6165521429441718,0.0,0.0,1034138.0,7,8.0,2.0,,,
489,Denmark,DNK,2023,5946952.0,,189.0,0.32998690528153646,0.0,0.0,57275.0,7,8.0,2.0,,,
490,Spain,ESP,2023,48347910.0,45.4,8352.0,1.8665063568933575,0.0,0.0,447467.0,7,8.0,2.0,,,
491,Estonia,EST,2023,1370286.0,,103.0,0.6170990354083039,0.0,0.0,16691.0,7,8.0,2.0,,,
492,Finland,FIN,2023,5583911.0,,138.0,0.23006134969325154,0.0,0.0,59984.0,7,8.0,2.0,,,
493,France,FRA,2023,68287487.0,42.8,2734.0,0.4437620111151509,0.0,0.0,616096.0,7,9.0,3.0,,,
494,United Kingdom of Great Britain and Northern Ireland,GBR,2023,68492000.0,,1851.0,0.28313792074891586,0.0,0.0,653745.0,7,8.0,2.0,,,
495,Greece,GRC,2023,10405588.0,44.2,4339.0,3.4161050576305345,0.0,0.0,127016.0,7,7.0,1.0,,,
496,Croatia,HRV,2023,3859686.0,,561.0,1.0194624652455977,0.0,0.0,55029.0,7,8.0,2.0,,,
497,Hungary,HUN,2023,9592186.0,,294.0,0.2295727136431784,0.0,0.0,128064.0,7,8.0,2.0,,,
498,Ireland,IRL,2023,5307600.0,,60.0,0.1687811190188191,0.0,0.0,35549.0,7,8.0,2.0,,,
499,Iceland,ISL,2023,393349.0,,,0.0,0.0,0.0,2613.0,7,8.0,2.0,,,
500,Italy,ITA,2023,58993475.0,48.8,12743.0,1.920734832178752,0.0,0.0,663444.0,7,8.0,2.0,12.0,,
501,Liechtenstein,LIE,2023,39850.0,,1.0,0.33783783783783783,0.0,0.0,296.0,7,8.0,2.0,,,
502,Lithuania,LTU,2023,2871585.0,,247.0,0.60326299335678,0.0,0.0,40944.0,7,8.0,2.0,,,
503,Luxembourg,LUX,2023,666430.0,,33.0,0.7104413347685683,0.0,0.0,4645.0,7,8.0,2.0,,,
504,Latvia,LVA,2023,1877445.0,,58.0,0.21004599282946437,0.0,0.0,27613.0,7,8.0,2.0,,,
505,Malta,MLT,2023,552747.0,,70.0,1.7852588625350676,0.0,0.0,3921.0,7,8.0,2.0,,,
506,Montenegro,MNE,2023,623529.0,,41.0,0.5685757869920954,0.0,0.0,7211.0,7,8.0,2.0,,,
507,Netherlands (Kingdom of the),NLD,2023,17877117.0,,368.0,0.22123893805309736,0.0,0.0,166336.0,7,8.0,2.0,,,
508,Norway,NOR,2023,5519594.0,,29.0,0.06569409206234143,0.0,0.0,44144.0,7,8.0,2.0,,,
509,Poland,POL,2023,36687353.0,,616.0,0.14940287357994508,0.0,0.0,412308.0,7,8.0,2.0,,,
510,Portugal,PRT,2023,10578174.0,,1432.0,1.2352920879196716,0.0,0.0,115924.0,7,8.0,2.0,,,
511,Romania,ROU,2023,19059479.0,,2585.0,1.005371053869998,0.0,0.0,257119.0,7,8.0,2.0,,,
512,Serbia,SRB,2023,6623183.0,,464.0,0.49399540073247594,0.0,0.0,93928.0,7,8.0,2.0,,,
513,Slovakia,SVK,2023,5426740.0,,247.0,0.45594668931017296,0.0,0.0,54173.0,7,8.0,2.0,,,
514,Slovenia,SVN,2023,2120461.0,,95.0,0.4402836353524586,0.0,0.0,21577.0,7,8.0,2.0,,,
515,Sweden,SWE,2023,10536632.0,,13.0,0.013837883868220768,0.0,0.0,93945.0,7,8.0,2.0,,,
516,Jordan,JOR,2023,11439213.0,7.5,0.0,0.0,,0.0,34872.0,11,12.0,2.0,19.0,8.0,20.0
517,Lebanon,LBN,2024,,0.0,0.0,0.0,,0.0,35035.0,1,1.0,1.0,24.0,29.0,6.0
518,Afghanistan,AFG,2024,,-33.0,0.0,0.0,0.0,0.0,243182.0,3,3.0,1.0,,,
519,Bangladesh,BGD,2024,,38.0,10.0,0.0011286987457899537,0.0,0.0,885976.0,4,5.0,2.0,21.0,7.0,17.0
520,India,IND,2024,,50.5,733.0,0.007669729117305211,0.0,0.0,9557052.0,3,6.0,4.0,,,
521,Pakistan,PAK,2024,,53.0,,0.0,0.0,0.0,1619470.0,5,5.0,1.0,,,
522,Cambodia,KHM,2024,,41.0,,0.0,0.0,0.0,113838.0,4,5.0,2.0,,,
523,Lao People's Democratic Republic,LAO,2024,,43.6,,0.0,0.0,0.0,48068.0,4,5.0,2.0,,,
524,Myanmar,MMR,2024,,47.0,50.0,0.009998520219007587,0.0,0.0,500074.0,4,5.0,2.0,1.0,3.0,3.0
525,Philippines,PHL,2024,,53.0,,0.0,0.0,0.0,735576.0,4,5.0,2.0,,,
526,Thailand,THA,2024,,,61.0,0.009423076031865445,0.0,0.0,647347.0,4,5.0,2.0,,,
527,Viet Nam,VNM,2024,,,,0.0,0.0,0.0,671113.0,4,5.0,2.0,,,
528,Mexico,MEX,2024,,45.0,155.0,0.019045910474390623,0.0,0.0,813823.0,3,5.0,3.0,1.0,31.0,31.0
529,Saudi Arabia,SAU,2024,,51.8,1301.0,1.639509533350976,0.0,0.0,79353.0,6,6.0,1.0,1.0,20.0,20.0
530,Pakistan,PAK,2024,,50.0,568.0,0.0350732029614627,0.0,0.0,1619470.0,6,6.0,1.0,20.0,25.0,6.0
531,Morocco,MAR,2024,,48.0,21.0,0.009630686117595263,0.0,0.0,218053.0,7,7.0,1.0,22.0,24.0,3.0
532,United States of America,USA,2024,,40.0,1006.0,0.03302071968100541,0.0,0.0,3046572.0,4,10.0,7.0,18.0,31.0,14.0
533,Japan,JPN,2024,,41.0,123.0,0.00798594992225061,0.0,0.0,1540205.0,4,9.0,6.0,1.0,30.0,30.0
534,Republic of Korea,KOR,2024,,35.0,22.0,0.006146126962220875,0.0,0.0,357949.0,5,9.0,5.0,20.0,30.0,11.0
